grade,male,raceeth,preschool,expectBachelors,motherHS,motherBachelors,motherWork,fatherHS,fatherBachelors,fatherWork,selfBornUS,motherBornUS,fatherBornUS,englishAtHome,computerForSchoolwork,read30MinsADay,minutesPerWeekEnglish,studentsInEnglish,schoolHasLibrary,publicSchool,urban,schoolSize,readingScore,response
9,0,White,1.0,1.0,1.0,0.0,1.0,1.0,0.0,0.0,1.0,1.0,1.0,1.0,0.0,1.0,235.0,32.0,1.0,1,0,149.0,L,H
10,0,Hispanic,1.0,1.0,1.0,0.0,1.0,1.0,0.0,1.0,1.0,1.0,1.0,1.0,1.0,1.0,600.0,30.0,1.0,1,0,361.0,L,H
10,1,White,0.0,1.0,1.0,1.0,1.0,1.0,0.0,1.0,1.0,1.0,1.0,1.0,1.0,1.0,300.0,30.0,1.0,1,0,2340.0,H,H
10,1,White,1.0,1.0,1.0,1.0,1.0,1.0,0.0,1.0,1.0,1.0,1.0,1.0,1.0,0.0,90.0,20.0,1.0,1,0,2569.0,H,H
10,0,White,1.0,1.0,1.0,0.0,1.0,1.0,1.0,1.0,1.0,1.0,1.0,1.0,1.0,1.0,225.0,25.0,1.0,1,0,276.0,H,H
10,1,White,1.0,0.0,1.0,0.0,1.0,1.0,0.0,0.0,1.0,1.0,1.0,1.0,1.0,0.0,225.0,25.0,1.0,1,1,1046.0,H,H
10,1,White,1.0,1.0,1.0,1.0,1.0,1.0,1.0,1.0,1.0,1.0,1.0,1.0,1.0,0.0,225.0,18.0,1.0,0,1,1212.0,L,H
10,0,White,0.0,0.0,1.0,0.0,0.0,1.0,1.0,1.0,1.0,0.0,1.0,1.0,1.0,1.0,600.0,20.0,1.0,1,1,1720.0,H,H
10,1,Asian,1.0,1.0,1.0,0.0,1.0,1.0,1.0,1.0,1.0,0.0,0.0,0.0,1.0,0.0,225.0,20.0,1.0,1,0,2098.0,H,H
11,1,Hispanic,1.0,1.0,1.0,0.0,1.0,1.0,0.0,1.0,1.0,0.0,1.0,1.0,1.0,1.0,360.0,36.0,1.0,1,1,2942.0,H,H
11,1,Native Hawaiian/Other Pacific Islander,1.0,1.0,1.0,1.0,1.0,1.0,1.0,1.0,1.0,0.0,0.0,1.0,1.0,0.0,180.0,25.0,1.0,0,1,570.0,H,H
11,0,Hispanic,1.0,1.0,1.0,1.0,1.0,0.0,0.0,1.0,1.0,0.0,0.0,0.0,1.0,1.0,354.0,40.0,1.0,1,1,3592.0,L,H
10,1,White,0.0,1.0,1.0,1.0,1.0,1.0,1.0,1.0,1.0,1.0,1.0,1.0,1.0,0.0,300.0,20.0,1.0,1,0,2183.0,H,H
10,0,White,0.0,1.0,1.0,0.0,1.0,1.0,0.0,1.0,1.0,1.0,1.0,1.0,1.0,1.0,275.0,30.0,1.0,1,1,2144.0,H,H
10,1,White,1.0,1.0,1.0,1.0,0.0,1.0,1.0,0.0,1.0,1.0,1.0,1.0,1.0,1.0,250.0,20.0,1.0,1,0,1375.0,H,H
10,1,White,0.0,1.0,1.0,1.0,0.0,1.0,0.0,1.0,1.0,1.0,1.0,1.0,1.0,0.0,420.0,30.0,1.0,1,0,899.0,L,H
10,0,White,1.0,1.0,1.0,0.0,1.0,1.0,1.0,1.0,1.0,0.0,1.0,1.0,1.0,1.0,235.0,22.0,1.0,0,1,356.0,H,H
10,0,Hispanic,0.0,0.0,0.0,0.0,0.0,0.0,0.0,1.0,1.0,0.0,0.0,0.0,1.0,0.0,0.0,28.0,1.0,1,0,2569.0,L,L
10,0,Black,1.0,1.0,1.0,0.0,1.0,1.0,0.0,1.0,1.0,1.0,1.0,1.0,1.0,0.0,250.0,28.0,1.0,1,0,2878.0,L,H
11,0,White,1.0,1.0,1.0,0.0,0.0,1.0,0.0,1.0,1.0,1.0,1.0,1.0,0.0,0.0,250.0,28.0,1.0,1,0,505.0,H,H
10,1,Hispanic,1.0,1.0,1.0,0.0,1.0,0.0,0.0,1.0,1.0,1.0,1.0,0.0,1.0,0.0,375.0,30.0,1.0,1,0,1101.0,H,H
11,0,White,1.0,1.0,1.0,0.0,1.0,1.0,0.0,1.0,1.0,1.0,1.0,1.0,1.0,0.0,350.0,25.0,1.0,1,0,1295.0,L,H
10,1,White,1.0,1.0,1.0,1.0,0.0,1.0,0.0,1.0,1.0,1.0,1.0,1.0,1.0,0.0,275.0,18.0,1.0,1,0,362.0,H,H
10,0,White,1.0,1.0,1.0,0.0,1.0,1.0,0.0,1.0,1.0,1.0,1.0,1.0,1.0,1.0,325.0,30.0,1.0,1,0,712.0,H,H
10,0,White,1.0,0.0,1.0,0.0,1.0,1.0,0.0,1.0,1.0,1.0,1.0,1.0,1.0,1.0,300.0,30.0,1.0,1,0,1913.0,H,H
10,1,Asian,0.0,1.0,1.0,0.0,0.0,1.0,0.0,0.0,1.0,0.0,0.0,0.0,0.0,1.0,270.0,45.0,1.0,1,1,3201.0,L,H
10,1,More than one race,1.0,1.0,1.0,0.0,0.0,1.0,0.0,1.0,1.0,1.0,1.0,1.0,0.0,1.0,275.0,33.0,1.0,1,1,2162.0,H,H
10,0,Hispanic,0.0,1.0,1.0,0.0,1.0,1.0,0.0,1.0,1.0,0.0,0.0,0.0,1.0,0.0,180.0,20.0,1.0,1,0,996.0,L,H
9,1,Hispanic,0.0,1.0,0.0,0.0,0.0,0.0,0.0,1.0,1.0,0.0,0.0,0.0,1.0,0.0,54.0,30.0,1.0,1,1,3592.0,L,L
11,0,White,1.0,1.0,1.0,0.0,1.0,1.0,0.0,0.0,1.0,1.0,1.0,1.0,0.0,1.0,200.0,20.0,1.0,1,0,754.0,H,H
10,0,Hispanic,1.0,1.0,0.0,0.0,0.0,0.0,0.0,1.0,1.0,0.0,0.0,0.0,1.0,1.0,225.0,23.0,1.0,1,1,1408.0,H,L
10,1,White,0.0,1.0,1.0,1.0,1.0,1.0,0.0,1.0,1.0,1.0,1.0,1.0,0.0,0.0,450.0,20.0,1.0,1,0,1173.0,L,H
11,0,White,1.0,1.0,1.0,1.0,1.0,1.0,0.0,1.0,1.0,1.0,1.0,1.0,1.0,0.0,225.0,25.0,1.0,1,0,1897.0,H,H
9,1,Hispanic,0.0,1.0,0.0,0.0,1.0,0.0,0.0,1.0,0.0,0.0,0.0,0.0,1.0,1.0,150.0,30.0,1.0,1,0,926.0,H,L
11,0,White,1.0,1.0,1.0,0.0,1.0,1.0,0.0,0.0,1.0,1.0,1.0,1.0,0.0,0.0,275.0,30.0,1.0,1,0,1411.0,L,H
11,1,Hispanic,0.0,1.0,0.0,0.0,0.0,1.0,0.0,1.0,1.0,0.0,0.0,0.0,1.0,1.0,270.0,30.0,1.0,0,1,570.0,H,H
11,0,Black,1.0,1.0,1.0,0.0,0.0,1.0,0.0,1.0,1.0,1.0,0.0,1.0,1.0,0.0,450.0,25.0,1.0,1,1,1720.0,H,H
11,1,White,0.0,1.0,1.0,0.0,1.0,1.0,1.0,0.0,1.0,1.0,1.0,1.0,1.0,0.0,400.0,25.0,1.0,1,0,930.0,H,H
9,1,White,1.0,0.0,0.0,0.0,1.0,0.0,0.0,1.0,1.0,1.0,1.0,1.0,0.0,0.0,450.0,13.0,1.0,1,0,865.0,L,L
11,0,White,1.0,1.0,1.0,1.0,1.0,1.0,1.0,1.0,1.0,1.0,1.0,1.0,1.0,0.0,225.0,25.0,1.0,1,0,1610.0,H,H
10,0,White,0.0,1.0,1.0,0.0,1.0,1.0,0.0,1.0,1.0,1.0,1.0,1.0,0.0,1.0,250.0,12.0,1.0,1,0,1375.0,H,H
10,1,White,1.0,1.0,1.0,1.0,1.0,1.0,1.0,1.0,1.0,1.0,1.0,1.0,1.0,0.0,450.0,30.0,1.0,1,0,1173.0,L,H
11,0,White,1.0,1.0,1.0,1.0,1.0,1.0,0.0,1.0,1.0,1.0,1.0,1.0,1.0,1.0,400.0,28.0,1.0,1,0,712.0,H,H
11,0,White,1.0,1.0,1.0,1.0,1.0,1.0,1.0,1.0,1.0,1.0,1.0,1.0,1.0,0.0,232.0,26.0,1.0,1,0,2710.0,H,H
10,1,Hispanic,1.0,1.0,1.0,0.0,1.0,1.0,0.0,1.0,0.0,0.0,0.0,0.0,1.0,0.0,300.0,30.0,1.0,1,1,2255.0,H,H
10,1,White,1.0,1.0,1.0,1.0,1.0,1.0,1.0,1.0,1.0,1.0,1.0,1.0,1.0,0.0,250.0,30.0,1.0,1,0,1233.0,H,H
10,1,White,1.0,1.0,1.0,1.0,1.0,1.0,1.0,1.0,1.0,1.0,1.0,1.0,1.0,0.0,270.0,25.0,1.0,1,0,1489.0,H,H
10,1,White,1.0,0.0,1.0,0.0,1.0,1.0,0.0,1.0,1.0,1.0,1.0,1.0,1.0,0.0,300.0,30.0,1.0,1,1,2144.0,L,L
10,1,White,1.0,1.0,1.0,1.0,1.0,1.0,0.0,1.0,1.0,1.0,1.0,1.0,1.0,0.0,275.0,30.0,1.0,1,1,2080.0,H,H
10,0,White,1.0,1.0,1.0,0.0,1.0,0.0,0.0,1.0,1.0,1.0,1.0,1.0,0.0,0.0,275.0,25.0,1.0,1,0,362.0,H,H
10,1,White,1.0,1.0,1.0,1.0,1.0,1.0,0.0,1.0,1.0,1.0,1.0,1.0,1.0,0.0,225.0,25.0,1.0,1,0,366.0,H,H
9,0,Black,0.0,0.0,1.0,0.0,0.0,1.0,0.0,0.0,1.0,1.0,1.0,1.0,0.0,0.0,60.0,15.0,1.0,1,0,100.0,L,L
9,1,Hispanic,1.0,0.0,1.0,1.0,0.0,1.0,1.0,1.0,0.0,0.0,1.0,0.0,1.0,0.0,225.0,24.0,1.0,1,0,2878.0,H,H
10,1,White,1.0,0.0,1.0,0.0,1.0,1.0,0.0,1.0,1.0,1.0,1.0,1.0,1.0,0.0,225.0,20.0,1.0,1,0,149.0,L,H
10,1,White,1.0,1.0,1.0,0.0,1.0,1.0,1.0,1.0,1.0,1.0,1.0,1.0,0.0,0.0,480.0,23.0,1.0,1,0,434.0,H,H
9,1,Hispanic,0.0,1.0,1.0,0.0,1.0,1.0,0.0,1.0,1.0,1.0,1.0,1.0,1.0,0.0,225.0,20.0,1.0,1,1,2532.0,L,H
10,0,White,1.0,0.0,1.0,0.0,1.0,1.0,0.0,1.0,1.0,1.0,1.0,1.0,1.0,1.0,235.0,28.0,1.0,1,0,1828.0,H,H
10,0,White,1.0,1.0,0.0,0.0,1.0,1.0,0.0,1.0,1.0,1.0,1.0,1.0,1.0,0.0,250.0,20.0,1.0,1,0,400.0,L,H
10,1,White,0.0,0.0,1.0,1.0,1.0,1.0,0.0,1.0,1.0,1.0,1.0,1.0,1.0,0.0,300.0,25.0,1.0,1,0,434.0,H,H
11,0,Hispanic,0.0,1.0,0.0,0.0,0.0,0.0,0.0,0.0,0.0,0.0,0.0,1.0,1.0,1.0,360.0,29.0,1.0,1,1,1408.0,H,H
11,0,White,1.0,1.0,1.0,1.0,1.0,1.0,1.0,1.0,1.0,1.0,1.0,1.0,1.0,0.0,275.0,30.0,0.0,0,1,308.0,H,H
10,1,White,1.0,0.0,1.0,0.0,0.0,1.0,0.0,1.0,1.0,1.0,1.0,1.0,1.0,0.0,250.0,30.0,1.0,1,1,1095.0,H,H
11,0,White,1.0,1.0,1.0,1.0,1.0,1.0,0.0,1.0,1.0,1.0,1.0,1.0,1.0,0.0,50.0,25.0,1.0,1,1,1046.0,L,H
10,0,White,1.0,0.0,1.0,1.0,1.0,1.0,1.0,1.0,1.0,1.0,1.0,1.0,0.0,1.0,30.0,10.0,1.0,1,0,276.0,L,H
11,1,Hispanic,0.0,1.0,0.0,0.0,1.0,0.0,0.0,1.0,1.0,0.0,0.0,0.0,1.0,0.0,55.0,27.0,1.0,1,1,2149.0,L,H
9,1,Hispanic,1.0,0.0,0.0,0.0,0.0,1.0,0.0,1.0,1.0,1.0,1.0,1.0,0.0,0.0,50.0,15.0,1.0,1,0,400.0,L,L
10,0,Hispanic,0.0,1.0,1.0,0.0,1.0,1.0,0.0,1.0,1.0,1.0,1.0,1.0,1.0,1.0,275.0,20.0,1.0,1,0,1382.0,H,H
11,1,White,1.0,1.0,1.0,1.0,1.0,1.0,1.0,1.0,1.0,1.0,1.0,1.0,1.0,0.0,210.0,22.0,1.0,1,0,774.0,H,H
11,0,Hispanic,1.0,1.0,0.0,0.0,0.0,0.0,0.0,0.0,1.0,0.0,0.0,0.0,1.0,1.0,1200.0,28.0,1.0,1,1,2646.0,L,H
9,0,Black,0.0,1.0,1.0,0.0,1.0,0.0,0.0,1.0,1.0,1.0,1.0,1.0,0.0,1.0,45.0,20.0,1.0,1,0,762.0,L,H
10,1,White,1.0,0.0,1.0,0.0,1.0,0.0,0.0,1.0,1.0,1.0,1.0,1.0,1.0,0.0,400.0,25.0,1.0,1,0,712.0,L,L
10,0,Black,1.0,1.0,1.0,0.0,1.0,1.0,0.0,1.0,1.0,1.0,1.0,1.0,1.0,0.0,50.0,20.0,1.0,1,0,868.0,L,H
11,0,Black,1.0,1.0,1.0,1.0,1.0,1.0,1.0,1.0,1.0,0.0,0.0,1.0,1.0,0.0,135.0,20.0,1.0,1,0,2710.0,L,H
11,1,White,1.0,1.0,1.0,0.0,0.0,1.0,0.0,1.0,1.0,1.0,1.0,1.0,1.0,0.0,200.0,16.0,1.0,1,0,1680.0,H,H
10,0,Black,1.0,0.0,1.0,1.0,0.0,1.0,0.0,1.0,1.0,1.0,1.0,1.0,1.0,1.0,50.0,17.0,1.0,1,0,762.0,L,H
10,0,White,1.0,1.0,1.0,0.0,1.0,1.0,0.0,1.0,1.0,1.0,1.0,1.0,1.0,1.0,300.0,1.0,1.0,1,0,636.0,H,H
10,0,Hispanic,0.0,1.0,1.0,1.0,0.0,1.0,0.0,0.0,1.0,0.0,0.0,0.0,1.0,1.0,360.0,28.0,1.0,1,1,2886.0,H,H
9,1,Black,1.0,1.0,1.0,1.0,1.0,1.0,1.0,1.0,1.0,0.0,0.0,1.0,1.0,0.0,200.0,20.0,1.0,1,0,1733.0,L,H
10,0,White,1.0,1.0,1.0,0.0,1.0,1.0,0.0,1.0,1.0,1.0,1.0,1.0,1.0,1.0,225.0,25.0,1.0,1,0,1250.0,H,H
10,1,White,1.0,1.0,1.0,0.0,0.0,1.0,0.0,1.0,1.0,1.0,1.0,1.0,1.0,1.0,225.0,15.0,1.0,1,0,1250.0,H,H
10,1,Hispanic,1.0,1.0,1.0,1.0,1.0,1.0,0.0,1.0,1.0,1.0,1.0,1.0,1.0,1.0,200.0,20.0,1.0,0,1,398.0,H,H
10,1,White,1.0,1.0,1.0,0.0,1.0,1.0,1.0,1.0,1.0,1.0,1.0,1.0,1.0,0.0,180.0,25.0,1.0,1,1,2966.0,H,H
10,1,White,1.0,1.0,1.0,1.0,0.0,1.0,1.0,1.0,1.0,1.0,1.0,1.0,1.0,0.0,300.0,28.0,1.0,1,0,898.0,H,H
10,1,White,1.0,1.0,1.0,0.0,0.0,1.0,0.0,1.0,1.0,1.0,1.0,1.0,1.0,0.0,264.0,30.0,1.0,1,0,2402.0,L,H
10,0,White,1.0,1.0,1.0,1.0,1.0,1.0,1.0,1.0,1.0,1.0,1.0,1.0,1.0,0.0,225.0,16.0,1.0,1,0,400.0,H,H
10,0,White,1.0,1.0,1.0,0.0,1.0,1.0,0.0,1.0,1.0,1.0,1.0,1.0,1.0,0.0,232.0,21.0,1.0,1,0,2710.0,L,H
9,0,White,1.0,1.0,1.0,1.0,1.0,1.0,0.0,1.0,1.0,1.0,1.0,1.0,1.0,0.0,360.0,30.0,1.0,1,1,2886.0,L,H
11,0,Hispanic,1.0,1.0,1.0,1.0,0.0,1.0,0.0,1.0,1.0,0.0,1.0,1.0,1.0,1.0,275.0,30.0,1.0,1,0,2041.0,H,H
11,1,White,1.0,1.0,1.0,0.0,0.0,0.0,0.0,0.0,1.0,1.0,1.0,1.0,1.0,1.0,270.0,23.0,1.0,1,0,1273.0,H,H
10,0,White,1.0,1.0,0.0,0.0,0.0,1.0,0.0,1.0,1.0,1.0,1.0,1.0,0.0,0.0,250.0,28.0,1.0,1,0,1848.0,L,H
11,1,More than one race,1.0,1.0,1.0,1.0,0.0,1.0,1.0,1.0,1.0,1.0,1.0,1.0,1.0,1.0,232.0,22.0,1.0,1,0,2710.0,H,H
10,0,White,1.0,1.0,1.0,0.0,0.0,1.0,0.0,1.0,1.0,1.0,1.0,1.0,1.0,1.0,300.0,25.0,1.0,1,1,1046.0,L,H
10,0,Asian,1.0,1.0,1.0,1.0,1.0,1.0,1.0,1.0,1.0,0.0,1.0,1.0,1.0,1.0,225.0,20.0,1.0,1,0,612.0,H,H
10,1,White,1.0,1.0,1.0,0.0,1.0,1.0,0.0,1.0,1.0,1.0,1.0,1.0,1.0,1.0,250.0,20.0,1.0,1,0,854.0,H,H
10,1,White,1.0,1.0,1.0,1.0,1.0,1.0,1.0,1.0,1.0,1.0,1.0,1.0,1.0,0.0,270.0,15.0,1.0,1,0,389.0,L,H
9,0,White,1.0,1.0,1.0,0.0,1.0,1.0,0.0,1.0,1.0,1.0,1.0,1.0,1.0,0.0,270.0,8.0,1.0,1,0,421.0,L,H
10,0,Black,1.0,1.0,1.0,1.0,1.0,1.0,1.0,1.0,1.0,1.0,1.0,1.0,1.0,1.0,225.0,25.0,1.0,1,1,2532.0,H,H
9,1,Hispanic,0.0,0.0,1.0,0.0,1.0,0.0,0.0,1.0,1.0,1.0,0.0,1.0,1.0,0.0,225.0,20.0,1.0,1,0,2878.0,L,L
10,0,White,1.0,0.0,1.0,0.0,1.0,1.0,0.0,1.0,1.0,1.0,1.0,1.0,1.0,0.0,360.0,25.0,1.0,1,0,1295.0,L,H
11,1,White,1.0,1.0,1.0,1.0,1.0,1.0,1.0,1.0,1.0,1.0,1.0,1.0,1.0,1.0,250.0,25.0,1.0,1,1,2162.0,H,H
10,0,White,1.0,1.0,1.0,1.0,1.0,1.0,1.0,1.0,1.0,1.0,1.0,1.0,1.0,0.0,320.0,18.0,1.0,0,1,575.0,H,H
11,1,White,0.0,1.0,1.0,1.0,1.0,1.0,1.0,1.0,1.0,1.0,1.0,1.0,1.0,0.0,210.0,25.0,1.0,1,1,1640.0,H,H
9,1,Hispanic,0.0,1.0,0.0,0.0,0.0,1.0,0.0,1.0,0.0,0.0,0.0,0.0,1.0,0.0,350.0,20.0,1.0,1,0,1101.0,L,L
12,1,Asian,1.0,1.0,1.0,0.0,0.0,1.0,1.0,1.0,0.0,0.0,0.0,1.0,1.0,0.0,210.0,25.0,1.0,1,0,1680.0,H,H
11,1,White,1.0,1.0,1.0,1.0,1.0,1.0,1.0,1.0,1.0,1.0,1.0,1.0,1.0,0.0,270.0,20.0,1.0,1,0,1680.0,H,H
9,1,White,0.0,0.0,1.0,0.0,0.0,1.0,0.0,1.0,1.0,1.0,1.0,1.0,1.0,0.0,275.0,20.0,1.0,1,0,362.0,L,L
10,0,Black,0.0,1.0,1.0,0.0,1.0,1.0,0.0,1.0,1.0,1.0,1.0,1.0,1.0,1.0,270.0,18.0,1.0,1,0,261.0,L,H
10,0,Black,1.0,1.0,1.0,0.0,1.0,1.0,0.0,1.0,1.0,1.0,1.0,1.0,1.0,1.0,250.0,20.0,1.0,1,0,762.0,H,H
10,1,Black,1.0,1.0,1.0,0.0,1.0,1.0,0.0,1.0,1.0,1.0,1.0,1.0,0.0,0.0,250.0,27.0,1.0,1,1,1392.0,L,H
10,1,Native Hawaiian/Other Pacific Islander,1.0,1.0,1.0,1.0,1.0,1.0,1.0,1.0,1.0,0.0,0.0,1.0,1.0,0.0,270.0,27.0,1.0,0,1,570.0,H,H
9,1,White,0.0,0.0,1.0,0.0,0.0,1.0,0.0,1.0,1.0,1.0,1.0,1.0,1.0,0.0,300.0,30.0,1.0,1,0,227.0,L,L
10,1,White,1.0,1.0,1.0,1.0,1.0,1.0,0.0,1.0,1.0,1.0,1.0,1.0,1.0,0.0,525.0,36.0,1.0,1,0,432.0,L,H
10,1,White,1.0,1.0,1.0,0.0,1.0,1.0,0.0,1.0,1.0,1.0,1.0,1.0,1.0,0.0,300.0,20.0,1.0,1,0,636.0,L,H
11,1,Hispanic,1.0,1.0,1.0,1.0,1.0,1.0,1.0,1.0,1.0,1.0,0.0,0.0,1.0,0.0,280.0,35.0,1.0,1,1,2085.0,H,H
10,0,White,0.0,0.0,1.0,1.0,1.0,1.0,0.0,0.0,1.0,1.0,1.0,1.0,1.0,0.0,200.0,30.0,1.0,1,0,632.0,L,H
10,1,Hispanic,1.0,0.0,0.0,0.0,0.0,0.0,0.0,1.0,1.0,0.0,0.0,0.0,0.0,1.0,230.0,30.0,1.0,1,1,1574.0,L,L
10,0,White,0.0,1.0,1.0,0.0,0.0,1.0,0.0,1.0,1.0,1.0,1.0,1.0,1.0,0.0,288.0,20.0,1.0,1,1,1378.0,L,H
10,0,White,1.0,1.0,1.0,0.0,0.0,1.0,0.0,1.0,1.0,1.0,1.0,1.0,1.0,1.0,300.0,9.0,1.0,1,0,690.0,H,H
10,0,White,1.0,1.0,1.0,0.0,1.0,1.0,0.0,0.0,1.0,1.0,1.0,1.0,1.0,0.0,135.0,16.0,1.0,1,0,509.0,L,H
9,1,White,0.0,0.0,1.0,1.0,1.0,0.0,1.0,1.0,1.0,1.0,1.0,1.0,1.0,0.0,55.0,20.0,1.0,1,0,362.0,L,L
11,1,White,0.0,1.0,1.0,1.0,1.0,1.0,1.0,1.0,1.0,1.0,1.0,1.0,1.0,0.0,225.0,15.0,0.0,1,1,502.0,L,H
10,0,White,0.0,1.0,1.0,0.0,0.0,1.0,0.0,0.0,1.0,1.0,1.0,1.0,0.0,1.0,250.0,27.0,1.0,1,0,854.0,H,H
10,0,White,1.0,1.0,1.0,1.0,1.0,1.0,1.0,1.0,1.0,1.0,1.0,1.0,1.0,1.0,300.0,28.0,1.0,1,0,898.0,H,H
10,1,White,1.0,1.0,1.0,1.0,1.0,1.0,1.0,1.0,0.0,1.0,1.0,1.0,1.0,1.0,240.0,25.0,1.0,0,1,575.0,H,H
10,1,White,0.0,1.0,1.0,0.0,1.0,1.0,1.0,0.0,1.0,1.0,1.0,1.0,1.0,0.0,270.0,30.0,1.0,1,1,1378.0,H,H
11,0,Asian,0.0,1.0,0.0,0.0,0.0,1.0,0.0,0.0,0.0,0.0,0.0,0.0,1.0,0.0,275.0,25.0,1.0,1,1,1763.0,L,H
10,1,White,1.0,0.0,0.0,0.0,0.0,0.0,0.0,1.0,1.0,1.0,1.0,1.0,1.0,0.0,225.0,30.0,1.0,1,1,2144.0,H,L
11,0,White,1.0,1.0,1.0,0.0,1.0,1.0,0.0,1.0,1.0,1.0,1.0,1.0,1.0,1.0,225.0,25.0,1.0,1,0,366.0,H,H
10,1,White,0.0,1.0,1.0,0.0,1.0,1.0,0.0,1.0,1.0,1.0,1.0,1.0,1.0,0.0,450.0,20.0,1.0,1,0,632.0,H,H
10,1,White,1.0,1.0,1.0,0.0,1.0,1.0,0.0,1.0,1.0,1.0,1.0,1.0,1.0,0.0,235.0,67.0,1.0,1,0,347.0,L,H
10,1,Hispanic,1.0,0.0,0.0,0.0,0.0,0.0,0.0,1.0,1.0,0.0,0.0,0.0,1.0,0.0,225.0,30.0,1.0,1,1,1574.0,L,L
10,0,Black,1.0,1.0,1.0,0.0,1.0,1.0,0.0,1.0,1.0,1.0,1.0,1.0,1.0,1.0,170.0,28.0,1.0,1,1,914.0,H,H
10,1,More than one race,0.0,1.0,1.0,0.0,1.0,1.0,0.0,1.0,1.0,1.0,1.0,1.0,1.0,0.0,250.0,25.0,1.0,1,0,505.0,L,H
10,0,White,1.0,1.0,1.0,0.0,1.0,1.0,0.0,1.0,1.0,1.0,1.0,1.0,1.0,0.0,225.0,12.0,1.0,0,0,331.0,H,H
10,0,White,1.0,1.0,1.0,0.0,1.0,1.0,0.0,1.0,1.0,1.0,1.0,1.0,1.0,1.0,270.0,20.0,1.0,1,1,1619.0,H,H
11,0,White,1.0,1.0,1.0,1.0,1.0,1.0,1.0,1.0,1.0,1.0,1.0,1.0,1.0,1.0,100.0,23.0,1.0,1,0,1375.0,H,H
9,1,White,0.0,1.0,1.0,1.0,0.0,0.0,0.0,1.0,1.0,1.0,1.0,1.0,1.0,1.0,225.0,21.0,1.0,1,0,1250.0,L,H
10,0,White,1.0,1.0,1.0,1.0,0.0,1.0,1.0,0.0,1.0,1.0,1.0,1.0,1.0,1.0,270.0,40.0,1.0,1,1,1734.0,H,H
11,0,Hispanic,1.0,1.0,1.0,1.0,0.0,1.0,1.0,1.0,1.0,1.0,1.0,1.0,1.0,1.0,275.0,18.0,1.0,1,0,1526.0,H,H
9,1,More than one race,1.0,1.0,0.0,0.0,1.0,0.0,0.0,0.0,1.0,1.0,1.0,1.0,1.0,0.0,300.0,25.0,1.0,1,1,1276.0,L,L
11,0,Hispanic,0.0,0.0,0.0,0.0,1.0,0.0,0.0,1.0,1.0,0.0,0.0,0.0,0.0,0.0,360.0,17.0,0.0,1,1,626.0,L,L
10,0,White,0.0,1.0,1.0,1.0,0.0,1.0,0.0,1.0,1.0,1.0,1.0,1.0,1.0,0.0,100.0,23.0,1.0,1,0,358.0,H,H
10,0,White,1.0,1.0,1.0,0.0,1.0,1.0,0.0,1.0,1.0,1.0,1.0,1.0,1.0,0.0,225.0,25.0,1.0,1,0,1848.0,H,H
10,1,White,1.0,1.0,1.0,0.0,1.0,1.0,1.0,1.0,1.0,1.0,1.0,1.0,1.0,0.0,270.0,40.0,1.0,1,1,2966.0,L,H
11,1,Hispanic,1.0,1.0,1.0,1.0,1.0,1.0,0.0,1.0,1.0,0.0,1.0,1.0,1.0,0.0,200.0,20.0,1.0,1,1,2640.0,L,H
10,0,More than one race,1.0,1.0,1.0,0.0,1.0,1.0,0.0,1.0,1.0,1.0,1.0,1.0,1.0,1.0,225.0,27.0,1.0,0,1,308.0,H,H
10,1,White,1.0,0.0,1.0,0.0,0.0,1.0,0.0,1.0,1.0,1.0,1.0,1.0,1.0,0.0,240.0,17.0,1.0,1,0,247.0,H,H
10,1,White,1.0,1.0,1.0,1.0,1.0,1.0,1.0,1.0,1.0,1.0,1.0,1.0,1.0,1.0,250.0,20.0,1.0,1,0,636.0,L,H
10,1,Black,1.0,1.0,1.0,1.0,1.0,1.0,0.0,1.0,1.0,1.0,1.0,1.0,1.0,0.0,240.0,24.0,0.0,1,1,1400.0,H,H
10,1,White,1.0,1.0,1.0,1.0,1.0,1.0,1.0,1.0,1.0,1.0,1.0,1.0,1.0,0.0,250.0,28.0,1.0,1,1,2080.0,H,L
10,0,Black,1.0,1.0,1.0,0.0,1.0,1.0,0.0,0.0,1.0,1.0,1.0,1.0,1.0,0.0,75.0,24.0,1.0,1,1,3261.0,H,H
11,0,Hispanic,1.0,1.0,1.0,0.0,1.0,1.0,0.0,0.0,0.0,0.0,0.0,0.0,1.0,1.0,1540.0,20.0,1.0,1,1,1723.0,L,H
10,0,Hispanic,0.0,1.0,0.0,0.0,0.0,0.0,0.0,1.0,1.0,0.0,0.0,0.0,0.0,0.0,90.0,30.0,1.0,1,0,2569.0,L,L
10,1,Asian,0.0,1.0,1.0,0.0,1.0,1.0,1.0,1.0,1.0,0.0,0.0,1.0,1.0,1.0,265.0,30.0,1.0,1,1,2085.0,L,H
10,0,White,1.0,1.0,1.0,0.0,1.0,1.0,1.0,1.0,0.0,0.0,1.0,1.0,1.0,0.0,280.0,22.0,1.0,1,0,227.0,H,H
10,0,Hispanic,1.0,0.0,1.0,0.0,1.0,1.0,0.0,1.0,1.0,0.0,0.0,1.0,1.0,0.0,60.0,30.0,1.0,1,1,3261.0,H,L
10,0,White,1.0,1.0,1.0,0.0,1.0,1.0,0.0,1.0,1.0,1.0,1.0,1.0,1.0,0.0,250.0,28.0,1.0,1,0,1610.0,H,H
10,1,Hispanic,1.0,0.0,1.0,0.0,1.0,1.0,0.0,1.0,1.0,1.0,1.0,1.0,1.0,0.0,300.0,20.0,1.0,1,0,1489.0,L,L
10,1,White,0.0,0.0,1.0,0.0,1.0,1.0,0.0,1.0,1.0,1.0,1.0,1.0,1.0,0.0,250.0,20.0,1.0,1,0,1375.0,H,L
10,0,White,0.0,1.0,1.0,1.0,0.0,0.0,0.0,1.0,1.0,1.0,1.0,1.0,1.0,0.0,280.0,29.0,1.0,1,1,1046.0,H,H
10,0,White,1.0,1.0,1.0,0.0,1.0,1.0,0.0,1.0,0.0,0.0,0.0,1.0,1.0,0.0,275.0,20.0,1.0,1,0,1526.0,H,H
10,0,White,1.0,1.0,1.0,1.0,1.0,1.0,1.0,1.0,1.0,1.0,1.0,1.0,1.0,1.0,475.0,20.0,1.0,1,0,930.0,H,H
11,0,Black,1.0,1.0,1.0,0.0,1.0,1.0,0.0,1.0,1.0,0.0,0.0,1.0,1.0,1.0,45.0,20.0,1.0,1,1,673.0,H,H
10,1,White,1.0,1.0,1.0,1.0,0.0,1.0,1.0,1.0,1.0,1.0,1.0,1.0,1.0,1.0,245.0,25.0,1.0,1,0,3009.0,H,H
10,1,Hispanic,0.0,0.0,1.0,0.0,1.0,1.0,0.0,1.0,1.0,0.0,0.0,1.0,1.0,0.0,265.0,20.0,1.0,1,0,2878.0,L,L
10,0,More than one race,1.0,1.0,1.0,1.0,0.0,1.0,1.0,1.0,1.0,1.0,1.0,1.0,1.0,0.0,270.0,30.0,1.0,1,1,2085.0,H,H
10,0,White,1.0,0.0,1.0,0.0,1.0,1.0,0.0,1.0,1.0,1.0,1.0,1.0,1.0,0.0,270.0,35.0,1.0,1,1,2966.0,H,H
10,1,Black,1.0,1.0,1.0,0.0,1.0,1.0,1.0,1.0,1.0,1.0,1.0,1.0,1.0,0.0,250.0,25.0,1.0,1,1,1392.0,L,H
10,1,Black,1.0,1.0,1.0,0.0,1.0,1.0,0.0,1.0,1.0,1.0,1.0,1.0,0.0,0.0,450.0,24.0,1.0,1,0,1387.0,L,H
10,1,White,1.0,1.0,1.0,1.0,1.0,1.0,1.0,1.0,1.0,1.0,1.0,1.0,1.0,0.0,225.0,25.0,1.0,0,0,1064.0,H,H
11,0,More than one race,0.0,1.0,1.0,1.0,1.0,1.0,1.0,0.0,1.0,0.0,0.0,1.0,1.0,1.0,180.0,20.0,1.0,0,1,570.0,H,H
10,1,Hispanic,1.0,1.0,1.0,0.0,0.0,1.0,0.0,1.0,1.0,1.0,1.0,1.0,1.0,0.0,200.0,25.0,1.0,1,0,996.0,H,H
11,1,White,1.0,0.0,1.0,1.0,1.0,1.0,0.0,1.0,1.0,1.0,1.0,1.0,1.0,0.0,300.0,22.0,1.0,1,0,421.0,L,H
10,1,White,1.0,1.0,1.0,0.0,1.0,1.0,0.0,1.0,1.0,1.0,1.0,1.0,1.0,0.0,55.0,35.0,1.0,1,1,1988.0,L,H
10,0,Black,1.0,1.0,1.0,0.0,1.0,1.0,0.0,1.0,1.0,1.0,1.0,1.0,1.0,0.0,275.0,27.0,1.0,1,1,1392.0,L,H
10,1,White,1.0,1.0,1.0,1.0,1.0,1.0,1.0,1.0,1.0,1.0,1.0,1.0,1.0,0.0,220.0,22.0,1.0,1,0,846.0,L,H
11,1,White,1.0,1.0,1.0,1.0,1.0,1.0,0.0,1.0,1.0,1.0,1.0,1.0,1.0,0.0,350.0,25.0,1.0,0,1,308.0,H,H
10,1,White,0.0,1.0,1.0,0.0,1.0,1.0,0.0,1.0,1.0,1.0,1.0,1.0,1.0,0.0,240.0,15.0,1.0,1,0,1380.0,L,H
10,1,Hispanic,1.0,0.0,1.0,0.0,1.0,1.0,0.0,0.0,1.0,1.0,1.0,1.0,0.0,0.0,250.0,20.0,1.0,1,0,1375.0,L,L
10,1,White,0.0,1.0,1.0,0.0,0.0,1.0,0.0,1.0,1.0,1.0,1.0,1.0,1.0,0.0,332.0,12.0,1.0,1,0,1317.0,L,H
11,0,Asian,1.0,1.0,1.0,0.0,1.0,1.0,0.0,1.0,1.0,0.0,0.0,0.0,1.0,1.0,245.0,30.0,1.0,1,1,1095.0,H,H
10,0,White,1.0,1.0,1.0,0.0,1.0,0.0,0.0,0.0,1.0,1.0,1.0,1.0,1.0,0.0,245.0,38.0,1.0,1,1,1095.0,H,H
10,0,White,1.0,1.0,1.0,1.0,1.0,1.0,1.0,1.0,1.0,1.0,1.0,1.0,1.0,0.0,300.0,30.0,1.0,1,0,898.0,H,H
10,0,White,1.0,1.0,1.0,0.0,1.0,1.0,1.0,1.0,1.0,1.0,1.0,1.0,1.0,0.0,250.0,18.0,1.0,1,0,850.0,H,H
10,1,White,1.0,1.0,1.0,0.0,1.0,1.0,1.0,1.0,1.0,1.0,1.0,1.0,1.0,0.0,250.0,35.0,1.0,1,1,2080.0,L,H
11,0,Hispanic,0.0,0.0,1.0,1.0,1.0,1.0,0.0,1.0,1.0,1.0,1.0,1.0,1.0,1.0,270.0,74.0,1.0,1,0,2402.0,H,H
11,1,Hispanic,0.0,1.0,1.0,0.0,1.0,0.0,0.0,1.0,1.0,1.0,0.0,1.0,0.0,0.0,60.0,30.0,1.0,1,1,3164.0,L,H
9,1,White,1.0,0.0,0.0,0.0,0.0,1.0,0.0,1.0,1.0,1.0,1.0,1.0,0.0,0.0,1200.0,25.0,1.0,1,0,361.0,L,L
11,0,White,1.0,1.0,1.0,1.0,1.0,1.0,1.0,0.0,1.0,1.0,1.0,1.0,1.0,1.0,450.0,24.0,1.0,1,1,1720.0,H,H
10,1,Hispanic,1.0,0.0,0.0,0.0,0.0,0.0,0.0,1.0,1.0,0.0,0.0,0.0,1.0,0.0,360.0,30.0,1.0,1,1,1763.0,H,L
10,1,White,1.0,1.0,1.0,0.0,1.0,1.0,0.0,1.0,1.0,1.0,1.0,1.0,1.0,0.0,225.0,18.0,0.0,0,1,366.0,H,H
10,0,White,1.0,0.0,0.0,0.0,0.0,0.0,0.0,1.0,1.0,1.0,1.0,1.0,1.0,0.0,275.0,25.0,1.0,1,0,1327.0,L,L
10,0,White,1.0,1.0,1.0,0.0,1.0,1.0,0.0,1.0,1.0,1.0,1.0,1.0,1.0,0.0,235.0,15.0,1.0,1,0,1828.0,L,H
11,1,White,1.0,1.0,1.0,1.0,1.0,1.0,1.0,1.0,1.0,1.0,1.0,1.0,1.0,1.0,275.0,18.0,1.0,1,0,2000.0,H,H
10,1,White,1.0,1.0,0.0,0.0,1.0,1.0,0.0,1.0,1.0,1.0,1.0,1.0,1.0,0.0,1100.0,25.0,1.0,1,0,1064.0,H,H
10,0,White,1.0,1.0,1.0,1.0,0.0,1.0,1.0,1.0,1.0,1.0,1.0,1.0,1.0,0.0,250.0,15.0,1.0,0,1,915.0,H,H
9,0,White,1.0,1.0,1.0,1.0,1.0,1.0,0.0,1.0,1.0,1.0,1.0,1.0,1.0,0.0,270.0,30.0,1.0,1,1,1378.0,L,H
10,1,White,1.0,1.0,1.0,0.0,1.0,1.0,0.0,1.0,1.0,1.0,1.0,1.0,1.0,0.0,225.0,30.0,1.0,1,0,2748.0,H,H
10,0,White,1.0,1.0,1.0,1.0,1.0,1.0,1.0,1.0,1.0,1.0,1.0,1.0,1.0,1.0,200.0,25.0,1.0,1,0,1680.0,L,H
10,0,White,1.0,1.0,1.0,1.0,1.0,1.0,0.0,1.0,1.0,1.0,1.0,1.0,1.0,1.0,450.0,21.0,1.0,1,0,987.0,H,H
10,0,White,1.0,1.0,1.0,1.0,1.0,1.0,1.0,1.0,1.0,1.0,1.0,1.0,1.0,1.0,300.0,25.0,1.0,1,0,347.0,H,H
10,0,Black,1.0,1.0,1.0,1.0,0.0,1.0,1.0,1.0,1.0,1.0,1.0,1.0,1.0,1.0,225.0,27.0,1.0,0,1,308.0,L,H
10,0,White,1.0,1.0,1.0,1.0,1.0,1.0,0.0,1.0,1.0,1.0,1.0,1.0,1.0,0.0,360.0,30.0,1.0,1,0,1295.0,H,H
10,1,White,1.0,1.0,1.0,1.0,1.0,1.0,1.0,0.0,1.0,1.0,1.0,1.0,1.0,1.0,180.0,20.0,1.0,1,0,887.0,H,H
10,0,White,1.0,1.0,1.0,1.0,1.0,1.0,1.0,1.0,1.0,1.0,1.0,1.0,1.0,1.0,200.0,25.0,1.0,1,0,1680.0,H,H
10,0,Hispanic,1.0,1.0,1.0,1.0,1.0,0.0,0.0,0.0,0.0,0.0,0.0,0.0,1.0,0.0,232.0,15.0,1.0,1,0,2710.0,L,H
10,1,White,1.0,1.0,1.0,1.0,1.0,1.0,1.0,1.0,1.0,1.0,1.0,1.0,1.0,0.0,250.0,25.0,1.0,1,0,1064.0,H,H
10,0,White,1.0,0.0,1.0,0.0,1.0,0.0,0.0,1.0,1.0,1.0,1.0,1.0,1.0,0.0,250.0,35.0,1.0,1,1,2004.0,L,H
10,1,White,1.0,1.0,1.0,0.0,1.0,1.0,0.0,1.0,1.0,1.0,1.0,1.0,1.0,0.0,250.0,7.0,1.0,1,0,1233.0,L,H
10,1,Black,1.0,1.0,1.0,1.0,1.0,0.0,0.0,1.0,1.0,1.0,0.0,1.0,1.0,0.0,400.0,20.0,1.0,1,0,2041.0,H,H
10,0,Black,1.0,1.0,0.0,0.0,0.0,1.0,0.0,0.0,1.0,1.0,1.0,1.0,0.0,0.0,0.0,25.0,1.0,1,0,820.0,L,H
11,0,White,1.0,1.0,1.0,0.0,1.0,1.0,0.0,0.0,1.0,1.0,1.0,1.0,1.0,1.0,140.0,32.0,1.0,1,0,1295.0,H,H
10,0,Hispanic,1.0,1.0,0.0,0.0,0.0,0.0,0.0,1.0,1.0,0.0,0.0,0.0,1.0,1.0,45.0,25.0,1.0,1,0,1900.0,L,L
11,0,White,1.0,1.0,1.0,0.0,1.0,1.0,1.0,1.0,1.0,1.0,1.0,1.0,1.0,0.0,225.0,30.0,1.0,1,0,1610.0,H,H
9,1,Hispanic,1.0,1.0,1.0,0.0,0.0,1.0,0.0,1.0,1.0,1.0,1.0,1.0,1.0,0.0,300.0,34.0,1.0,1,1,3138.0,L,H
11,0,Hispanic,1.0,1.0,1.0,0.0,1.0,1.0,0.0,1.0,1.0,1.0,0.0,0.0,1.0,0.0,250.0,36.0,1.0,1,1,1763.0,H,H
10,0,White,1.0,1.0,1.0,0.0,1.0,0.0,0.0,1.0,0.0,0.0,0.0,0.0,1.0,1.0,120.0,19.0,1.0,1,0,1733.0,H,H
10,1,White,1.0,1.0,1.0,1.0,0.0,1.0,0.0,1.0,1.0,1.0,1.0,1.0,1.0,1.0,270.0,15.0,1.0,1,0,261.0,H,H
10,1,White,0.0,1.0,1.0,0.0,0.0,1.0,0.0,0.0,1.0,1.0,1.0,1.0,1.0,0.0,450.0,28.0,1.0,1,0,432.0,H,H
11,0,Hispanic,1.0,1.0,0.0,0.0,1.0,0.0,0.0,1.0,1.0,0.0,0.0,0.0,1.0,0.0,200.0,30.0,1.0,1,1,2640.0,L,H
10,0,White,1.0,1.0,1.0,0.0,1.0,1.0,1.0,1.0,1.0,1.0,1.0,1.0,1.0,0.0,225.0,8.0,1.0,1,0,247.0,H,H
9,1,White,1.0,0.0,1.0,1.0,1.0,1.0,1.0,1.0,1.0,1.0,1.0,1.0,1.0,0.0,225.0,17.0,1.0,1,0,421.0,L,H
10,0,Hispanic,1.0,1.0,0.0,0.0,0.0,0.0,0.0,1.0,1.0,1.0,0.0,1.0,1.0,1.0,156.0,32.0,1.0,1,1,2942.0,L,H
10,0,White,1.0,1.0,1.0,0.0,1.0,1.0,1.0,1.0,1.0,0.0,0.0,1.0,1.0,1.0,336.0,28.0,1.0,1,0,1897.0,H,H
10,0,White,1.0,1.0,1.0,0.0,1.0,1.0,0.0,1.0,1.0,1.0,1.0,1.0,0.0,0.0,240.0,20.0,1.0,1,0,247.0,L,H
10,0,White,1.0,1.0,1.0,0.0,0.0,1.0,1.0,1.0,1.0,0.0,0.0,0.0,1.0,0.0,200.0,30.0,1.0,0,1,398.0,L,H
11,0,Hispanic,0.0,1.0,0.0,0.0,0.0,0.0,0.0,1.0,0.0,0.0,0.0,0.0,1.0,0.0,225.0,25.0,1.0,1,1,1408.0,H,H
10,0,Hispanic,1.0,1.0,0.0,0.0,0.0,0.0,0.0,1.0,1.0,0.0,0.0,0.0,1.0,1.0,275.0,9.0,1.0,1,1,539.0,H,L
10,1,White,1.0,1.0,1.0,1.0,1.0,1.0,1.0,1.0,1.0,1.0,1.0,1.0,1.0,0.0,275.0,25.0,1.0,1,1,2532.0,H,H
10,1,White,1.0,1.0,1.0,0.0,0.0,1.0,1.0,1.0,1.0,1.0,1.0,1.0,1.0,0.0,350.0,30.0,1.0,1,0,1295.0,H,H
10,0,Asian,1.0,1.0,1.0,0.0,0.0,1.0,1.0,1.0,1.0,0.0,0.0,0.0,1.0,0.0,265.0,30.0,1.0,1,1,2085.0,L,H
10,1,White,1.0,1.0,1.0,1.0,1.0,1.0,0.0,1.0,1.0,1.0,1.0,1.0,1.0,0.0,225.0,25.0,1.0,1,0,1087.0,L,H
10,1,Hispanic,0.0,0.0,1.0,0.0,1.0,0.0,0.0,1.0,1.0,0.0,0.0,0.0,1.0,0.0,45.0,25.0,1.0,1,1,1574.0,L,L
11,0,White,0.0,1.0,1.0,0.0,1.0,1.0,0.0,1.0,0.0,0.0,0.0,0.0,1.0,0.0,210.0,17.0,1.0,1,0,774.0,H,H
10,1,Black,0.0,1.0,1.0,0.0,0.0,1.0,0.0,1.0,1.0,1.0,1.0,1.0,0.0,1.0,360.0,27.0,1.0,1,1,1619.0,L,H
10,1,White,1.0,0.0,1.0,0.0,1.0,1.0,1.0,1.0,1.0,1.0,1.0,1.0,1.0,0.0,315.0,43.0,1.0,1,0,808.0,L,H
10,1,Hispanic,1.0,1.0,1.0,0.0,1.0,1.0,0.0,1.0,1.0,1.0,1.0,1.0,1.0,1.0,195.0,22.0,1.0,0,1,570.0,L,H
11,0,White,0.0,1.0,1.0,0.0,1.0,1.0,0.0,0.0,1.0,1.0,1.0,1.0,1.0,0.0,50.0,30.0,1.0,1,1,1046.0,H,H
10,0,Black,1.0,1.0,1.0,1.0,1.0,0.0,0.0,0.0,1.0,1.0,1.0,1.0,1.0,0.0,225.0,23.0,1.0,1,0,1380.0,L,H
9,1,Hispanic,1.0,1.0,1.0,0.0,1.0,1.0,0.0,1.0,1.0,1.0,1.0,1.0,1.0,0.0,240.0,20.0,1.0,0,1,575.0,H,H
10,1,White,1.0,1.0,1.0,0.0,0.0,1.0,0.0,1.0,1.0,1.0,1.0,1.0,1.0,0.0,450.0,25.0,1.0,1,0,930.0,H,H
11,0,White,1.0,1.0,1.0,0.0,1.0,1.0,0.0,1.0,1.0,1.0,1.0,1.0,1.0,0.0,60.0,15.0,1.0,1,0,1913.0,L,H
11,0,White,1.0,0.0,1.0,0.0,1.0,1.0,0.0,1.0,1.0,1.0,1.0,1.0,1.0,0.0,225.0,25.0,1.0,1,0,347.0,H,H
11,1,White,1.0,1.0,1.0,0.0,1.0,1.0,1.0,1.0,1.0,1.0,1.0,1.0,1.0,0.0,200.0,20.0,1.0,1,0,929.0,H,H
10,0,White,1.0,1.0,1.0,0.0,1.0,1.0,0.0,0.0,1.0,1.0,1.0,1.0,0.0,0.0,225.0,22.0,1.0,1,0,276.0,L,H
10,0,More than one race,1.0,1.0,1.0,1.0,1.0,1.0,0.0,1.0,1.0,1.0,1.0,1.0,1.0,0.0,360.0,30.0,1.0,1,0,1295.0,H,H
10,0,White,0.0,0.0,1.0,0.0,1.0,1.0,0.0,1.0,1.0,1.0,1.0,1.0,1.0,1.0,225.0,25.0,1.0,1,1,1046.0,L,L
9,0,Hispanic,0.0,1.0,1.0,0.0,1.0,0.0,0.0,1.0,1.0,0.0,0.0,1.0,1.0,0.0,225.0,25.0,1.0,1,1,1110.0,L,L
9,1,Hispanic,0.0,1.0,1.0,0.0,1.0,1.0,1.0,0.0,1.0,0.0,1.0,0.0,1.0,0.0,225.0,26.0,1.0,1,0,1897.0,L,H
11,0,White,0.0,1.0,1.0,0.0,0.0,1.0,0.0,1.0,1.0,1.0,1.0,1.0,1.0,0.0,275.0,21.0,1.0,1,0,1064.0,H,H
9,1,White,1.0,0.0,1.0,0.0,1.0,1.0,0.0,1.0,1.0,1.0,1.0,1.0,1.0,0.0,200.0,20.0,1.0,1,0,434.0,L,L
10,1,Asian,1.0,1.0,1.0,1.0,1.0,1.0,1.0,1.0,0.0,0.0,1.0,0.0,1.0,1.0,225.0,15.0,1.0,0,1,356.0,H,H
10,1,White,1.0,0.0,1.0,0.0,0.0,1.0,0.0,0.0,1.0,1.0,1.0,1.0,1.0,0.0,275.0,30.0,0.0,1,0,362.0,L,L
10,0,White,0.0,0.0,1.0,0.0,1.0,1.0,1.0,1.0,1.0,1.0,1.0,1.0,1.0,0.0,1080.0,13.0,1.0,1,0,389.0,H,H
11,1,Hispanic,1.0,1.0,1.0,0.0,0.0,1.0,0.0,1.0,0.0,0.0,0.0,0.0,1.0,0.0,225.0,21.0,1.0,1,1,1062.0,L,H
10,1,White,1.0,1.0,1.0,1.0,1.0,1.0,1.0,1.0,1.0,1.0,1.0,1.0,1.0,1.0,250.0,30.0,1.0,1,1,2080.0,H,H
10,0,White,1.0,1.0,1.0,0.0,1.0,1.0,0.0,1.0,1.0,1.0,1.0,1.0,1.0,0.0,275.0,23.0,1.0,1,0,1233.0,H,H
10,1,White,1.0,1.0,1.0,1.0,1.0,1.0,1.0,1.0,1.0,1.0,1.0,1.0,1.0,1.0,180.0,20.0,1.0,1,1,2966.0,H,H
10,0,White,0.0,1.0,1.0,0.0,0.0,1.0,0.0,0.0,1.0,1.0,1.0,1.0,1.0,0.0,275.0,25.0,1.0,1,0,1375.0,H,H
10,0,More than one race,1.0,0.0,1.0,0.0,1.0,1.0,0.0,0.0,1.0,1.0,1.0,1.0,1.0,0.0,270.0,30.0,1.0,1,0,1489.0,L,H
10,1,White,0.0,1.0,1.0,1.0,0.0,1.0,1.0,1.0,1.0,1.0,1.0,1.0,1.0,1.0,290.0,30.0,1.0,1,0,926.0,H,H
10,1,Black,1.0,1.0,1.0,1.0,0.0,1.0,1.0,1.0,1.0,1.0,1.0,1.0,1.0,0.0,200.0,25.0,1.0,1,1,2203.0,H,L
10,0,White,1.0,1.0,1.0,0.0,1.0,1.0,0.0,1.0,1.0,1.0,1.0,1.0,1.0,1.0,350.0,30.0,1.0,1,0,712.0,H,H
10,0,White,1.0,1.0,1.0,1.0,1.0,0.0,0.0,1.0,1.0,1.0,1.0,1.0,1.0,0.0,1350.0,30.0,1.0,0,0,331.0,H,H
10,1,Hispanic,0.0,1.0,1.0,0.0,1.0,1.0,0.0,0.0,1.0,1.0,1.0,1.0,1.0,0.0,300.0,30.0,1.0,1,1,2942.0,H,H
10,1,White,1.0,1.0,1.0,0.0,0.0,1.0,0.0,1.0,1.0,1.0,1.0,1.0,1.0,0.0,258.0,32.0,1.0,1,0,2402.0,H,H
10,1,Hispanic,1.0,0.0,1.0,0.0,1.0,0.0,0.0,1.0,1.0,0.0,0.0,1.0,1.0,0.0,225.0,15.0,1.0,1,0,926.0,L,L
11,0,White,0.0,0.0,1.0,1.0,1.0,1.0,0.0,1.0,1.0,1.0,1.0,1.0,1.0,1.0,640.0,18.0,0.0,1,1,626.0,L,H
10,1,White,1.0,0.0,1.0,0.0,0.0,1.0,0.0,1.0,1.0,1.0,1.0,1.0,1.0,0.0,350.0,30.0,1.0,1,0,899.0,L,H
10,1,White,1.0,1.0,1.0,0.0,1.0,1.0,0.0,1.0,1.0,1.0,1.0,1.0,1.0,0.0,210.0,23.0,1.0,1,0,2098.0,H,H
10,0,Black,1.0,1.0,1.0,0.0,1.0,1.0,0.0,1.0,1.0,1.0,1.0,1.0,1.0,1.0,250.0,24.0,1.0,1,1,2532.0,L,H
10,0,White,1.0,0.0,0.0,0.0,1.0,1.0,1.0,1.0,1.0,1.0,1.0,1.0,1.0,0.0,225.0,27.0,1.0,0,1,308.0,H,H
10,0,Hispanic,1.0,1.0,1.0,0.0,1.0,1.0,0.0,1.0,1.0,1.0,1.0,1.0,1.0,0.0,50.0,28.0,1.0,1,0,1375.0,H,H
10,1,White,1.0,1.0,1.0,0.0,1.0,1.0,0.0,1.0,1.0,1.0,1.0,1.0,1.0,0.0,160.0,23.0,1.0,0,1,575.0,L,H
10,0,White,1.0,1.0,1.0,0.0,1.0,1.0,1.0,1.0,1.0,1.0,1.0,1.0,1.0,0.0,215.0,22.0,1.0,1,0,774.0,L,H
11,1,Hispanic,1.0,1.0,1.0,0.0,0.0,1.0,0.0,1.0,1.0,1.0,1.0,1.0,1.0,0.0,264.0,30.0,1.0,1,0,2402.0,H,H
10,1,Black,0.0,0.0,1.0,1.0,0.0,1.0,1.0,1.0,1.0,1.0,1.0,1.0,1.0,0.0,225.0,30.0,1.0,1,0,2041.0,H,L
9,1,More than one race,1.0,0.0,0.0,0.0,1.0,1.0,0.0,1.0,1.0,1.0,1.0,1.0,1.0,0.0,250.0,26.0,1.0,1,0,366.0,L,L
10,0,White,1.0,1.0,1.0,1.0,1.0,1.0,0.0,1.0,1.0,1.0,1.0,1.0,1.0,0.0,250.0,30.0,1.0,1,0,3009.0,H,H
10,0,Hispanic,0.0,1.0,0.0,0.0,1.0,1.0,0.0,1.0,1.0,1.0,1.0,1.0,1.0,0.0,210.0,20.0,1.0,0,1,570.0,L,L
10,0,White,1.0,1.0,1.0,0.0,1.0,1.0,0.0,0.0,1.0,1.0,1.0,1.0,1.0,1.0,250.0,25.0,1.0,1,0,362.0,H,H
10,0,White,1.0,1.0,0.0,0.0,1.0,1.0,0.0,1.0,1.0,1.0,1.0,1.0,0.0,0.0,1080.0,23.0,1.0,1,1,1378.0,L,H
11,0,White,0.0,1.0,1.0,0.0,1.0,1.0,0.0,1.0,1.0,1.0,1.0,1.0,0.0,0.0,250.0,15.0,1.0,1,0,316.0,H,H
10,1,White,0.0,1.0,0.0,0.0,0.0,1.0,0.0,1.0,1.0,1.0,1.0,1.0,1.0,0.0,315.0,30.0,1.0,1,1,2255.0,L,H
10,0,White,1.0,0.0,1.0,1.0,0.0,1.0,1.0,1.0,1.0,1.0,1.0,1.0,1.0,1.0,300.0,30.0,1.0,1,0,898.0,H,H
10,0,White,1.0,1.0,1.0,0.0,0.0,1.0,0.0,1.0,1.0,1.0,1.0,1.0,1.0,0.0,240.0,20.0,1.0,1,0,1087.0,H,H
10,0,White,1.0,1.0,1.0,0.0,1.0,1.0,0.0,1.0,1.0,1.0,1.0,1.0,0.0,0.0,225.0,25.0,1.0,1,0,505.0,H,H
11,0,White,1.0,1.0,1.0,0.0,0.0,1.0,0.0,1.0,1.0,1.0,1.0,1.0,1.0,0.0,350.0,25.0,1.0,1,0,712.0,H,H
10,0,White,1.0,1.0,1.0,0.0,1.0,1.0,0.0,1.0,1.0,1.0,1.0,1.0,1.0,0.0,450.0,30.0,1.0,1,0,712.0,L,H
10,1,White,0.0,1.0,1.0,0.0,1.0,1.0,0.0,1.0,0.0,0.0,0.0,1.0,1.0,0.0,200.0,16.0,1.0,1,0,774.0,L,H
11,0,White,1.0,1.0,1.0,1.0,1.0,1.0,0.0,0.0,1.0,1.0,1.0,1.0,1.0,0.0,225.0,30.0,1.0,1,0,1610.0,H,H
10,0,White,0.0,1.0,1.0,0.0,1.0,1.0,0.0,1.0,1.0,1.0,1.0,1.0,1.0,1.0,360.0,25.0,1.0,1,0,1295.0,H,H
9,0,Hispanic,0.0,1.0,0.0,0.0,1.0,0.0,0.0,1.0,1.0,0.0,0.0,1.0,1.0,0.0,300.0,20.0,1.0,1,1,1408.0,L,L
10,1,Black,1.0,1.0,1.0,0.0,1.0,1.0,0.0,1.0,1.0,1.0,1.0,1.0,1.0,0.0,270.0,16.0,1.0,1,0,996.0,L,H
11,0,White,0.0,1.0,1.0,0.0,0.0,1.0,0.0,0.0,1.0,1.0,1.0,1.0,1.0,0.0,300.0,30.0,1.0,1,1,3138.0,H,H
10,1,White,1.0,1.0,1.0,1.0,1.0,1.0,1.0,1.0,1.0,1.0,1.0,1.0,1.0,0.0,200.0,25.0,1.0,1,0,632.0,H,H
10,1,White,1.0,0.0,1.0,1.0,1.0,1.0,1.0,1.0,1.0,1.0,1.0,1.0,1.0,0.0,225.0,20.0,1.0,1,0,149.0,H,H
10,1,Hispanic,0.0,1.0,1.0,0.0,0.0,1.0,0.0,0.0,1.0,0.0,1.0,0.0,1.0,1.0,90.0,25.0,1.0,1,0,1489.0,H,H
10,1,White,0.0,1.0,1.0,1.0,1.0,1.0,1.0,1.0,1.0,1.0,1.0,1.0,1.0,0.0,275.0,25.0,1.0,1,0,1327.0,H,H
10,0,White,1.0,1.0,0.0,0.0,1.0,1.0,0.0,1.0,1.0,1.0,1.0,1.0,0.0,0.0,250.0,30.0,1.0,1,0,2340.0,L,L
10,0,White,0.0,0.0,1.0,0.0,0.0,1.0,0.0,0.0,1.0,1.0,1.0,1.0,1.0,0.0,225.0,20.0,1.0,1,0,1347.0,L,L
10,1,White,1.0,1.0,1.0,0.0,1.0,1.0,1.0,0.0,1.0,1.0,1.0,1.0,1.0,0.0,900.0,38.0,1.0,1,0,2878.0,H,H
10,0,Black,1.0,1.0,1.0,0.0,1.0,1.0,0.0,0.0,1.0,1.0,1.0,1.0,1.0,1.0,290.0,35.0,1.0,1,1,3261.0,H,H
10,0,White,1.0,0.0,1.0,0.0,1.0,0.0,0.0,1.0,1.0,1.0,1.0,1.0,1.0,0.0,120.0,25.0,1.0,1,1,1619.0,L,H
10,0,White,1.0,0.0,1.0,0.0,1.0,1.0,0.0,1.0,1.0,1.0,1.0,1.0,1.0,0.0,240.0,8.0,1.0,1,0,247.0,L,H
10,0,White,1.0,1.0,1.0,1.0,1.0,1.0,1.0,0.0,1.0,0.0,1.0,0.0,1.0,0.0,225.0,25.0,1.0,1,0,612.0,H,H
10,1,White,1.0,1.0,1.0,1.0,1.0,1.0,1.0,1.0,1.0,1.0,1.0,1.0,1.0,0.0,240.0,25.0,1.0,1,0,1897.0,H,H
10,0,White,0.0,0.0,1.0,0.0,1.0,1.0,0.0,1.0,1.0,1.0,1.0,1.0,1.0,0.0,205.0,20.0,1.0,1,0,434.0,L,L
10,1,White,1.0,1.0,1.0,1.0,0.0,1.0,1.0,1.0,1.0,1.0,0.0,1.0,1.0,0.0,140.0,15.0,1.0,1,1,1900.0,H,H
11,0,Hispanic,1.0,1.0,1.0,0.0,1.0,1.0,0.0,1.0,1.0,1.0,1.0,1.0,1.0,1.0,200.0,25.0,1.0,1,0,1680.0,H,H
10,1,White,1.0,1.0,1.0,1.0,1.0,1.0,1.0,1.0,1.0,1.0,1.0,1.0,1.0,0.0,225.0,22.0,1.0,1,0,1610.0,L,H
11,1,White,0.0,1.0,1.0,1.0,0.0,0.0,0.0,1.0,1.0,1.0,1.0,1.0,1.0,0.0,784.0,30.0,1.0,1,0,754.0,L,H
11,0,White,1.0,1.0,1.0,0.0,1.0,1.0,0.0,1.0,1.0,1.0,1.0,1.0,1.0,0.0,225.0,25.0,1.0,1,0,929.0,H,H
10,1,White,0.0,1.0,1.0,0.0,0.0,1.0,0.0,1.0,1.0,1.0,1.0,1.0,1.0,1.0,265.0,20.0,1.0,1,1,1095.0,H,H
10,1,White,1.0,1.0,1.0,1.0,1.0,1.0,0.0,1.0,1.0,1.0,0.0,1.0,1.0,0.0,315.0,24.0,1.0,1,0,899.0,L,H
9,1,White,1.0,1.0,1.0,1.0,1.0,1.0,1.0,1.0,1.0,1.0,1.0,1.0,1.0,0.0,260.0,14.0,1.0,1,0,636.0,H,H
10,1,White,1.0,1.0,1.0,0.0,1.0,1.0,1.0,1.0,1.0,1.0,1.0,1.0,1.0,0.0,300.0,30.0,1.0,1,0,898.0,H,H
10,1,White,0.0,1.0,1.0,1.0,0.0,1.0,1.0,1.0,1.0,1.0,1.0,1.0,1.0,1.0,225.0,15.0,1.0,0,1,366.0,H,H
10,0,Hispanic,1.0,1.0,1.0,0.0,1.0,0.0,0.0,1.0,1.0,1.0,1.0,1.0,1.0,1.0,315.0,27.0,1.0,0,1,308.0,H,H
10,0,White,1.0,1.0,1.0,1.0,1.0,1.0,0.0,1.0,1.0,1.0,1.0,1.0,1.0,1.0,225.0,20.0,1.0,0,1,356.0,L,H
10,0,Hispanic,1.0,0.0,1.0,0.0,1.0,1.0,0.0,0.0,1.0,0.0,1.0,1.0,1.0,0.0,275.0,30.0,1.0,1,1,2646.0,L,H
10,0,White,0.0,1.0,1.0,0.0,1.0,1.0,1.0,1.0,1.0,1.0,1.0,1.0,1.0,1.0,900.0,26.0,1.0,1,0,361.0,L,H
10,0,More than one race,1.0,1.0,1.0,1.0,1.0,1.0,1.0,1.0,1.0,1.0,0.0,1.0,1.0,1.0,250.0,32.0,1.0,1,0,1375.0,H,H
10,1,Hispanic,1.0,1.0,1.0,0.0,0.0,0.0,0.0,1.0,1.0,0.0,0.0,0.0,1.0,1.0,50.0,29.0,1.0,1,1,3592.0,L,H
10,0,Black,1.0,1.0,1.0,0.0,1.0,1.0,0.0,1.0,1.0,1.0,1.0,1.0,1.0,0.0,270.0,30.0,0.0,1,1,1619.0,L,H
10,1,Hispanic,1.0,1.0,1.0,0.0,1.0,1.0,0.0,1.0,1.0,0.0,0.0,1.0,0.0,0.0,260.0,30.0,1.0,1,1,2646.0,L,H
10,1,Asian,1.0,1.0,1.0,0.0,1.0,1.0,0.0,1.0,1.0,0.0,0.0,1.0,1.0,0.0,270.0,25.0,1.0,1,1,2999.0,H,H
10,0,Hispanic,1.0,0.0,0.0,0.0,0.0,0.0,0.0,1.0,1.0,0.0,0.0,0.0,0.0,0.0,275.0,30.0,1.0,1,0,1347.0,L,L
10,0,White,1.0,1.0,1.0,1.0,1.0,1.0,0.0,1.0,1.0,1.0,1.0,1.0,1.0,0.0,360.0,25.0,1.0,1,0,432.0,H,H
10,1,White,0.0,0.0,1.0,0.0,1.0,1.0,0.0,1.0,1.0,1.0,1.0,1.0,1.0,0.0,225.0,23.0,1.0,1,0,347.0,L,L
10,0,Hispanic,1.0,1.0,1.0,1.0,1.0,1.0,1.0,1.0,1.0,1.0,0.0,1.0,1.0,0.0,275.0,16.0,0.0,0,1,915.0,H,H
9,1,Black,1.0,1.0,1.0,0.0,1.0,1.0,0.0,1.0,1.0,1.0,1.0,1.0,1.0,1.0,90.0,25.0,1.0,1,0,1079.0,L,H
11,0,Asian,1.0,1.0,1.0,0.0,1.0,1.0,0.0,1.0,1.0,0.0,0.0,1.0,1.0,0.0,200.0,27.0,1.0,0,1,398.0,H,H
10,1,White,1.0,0.0,1.0,1.0,1.0,1.0,1.0,1.0,1.0,1.0,1.0,1.0,1.0,0.0,300.0,15.0,1.0,1,1,3138.0,L,H
10,0,White,1.0,0.0,1.0,1.0,1.0,1.0,0.0,1.0,1.0,1.0,1.0,1.0,1.0,1.0,750.0,30.0,1.0,1,0,712.0,L,H
10,1,White,1.0,1.0,1.0,1.0,1.0,1.0,1.0,1.0,1.0,1.0,1.0,1.0,1.0,0.0,45.0,23.0,1.0,1,0,1064.0,L,H
10,1,Black,1.0,1.0,1.0,1.0,0.0,1.0,0.0,1.0,1.0,1.0,1.0,1.0,0.0,0.0,50.0,20.0,1.0,1,0,421.0,L,H
10,0,White,0.0,1.0,1.0,0.0,1.0,1.0,0.0,0.0,1.0,1.0,1.0,1.0,0.0,1.0,360.0,25.0,1.0,1,0,808.0,H,H
10,1,White,1.0,1.0,1.0,1.0,0.0,1.0,1.0,1.0,1.0,1.0,1.0,1.0,1.0,1.0,275.0,20.0,1.0,1,0,1526.0,H,H
10,1,Hispanic,1.0,1.0,1.0,1.0,1.0,1.0,0.0,1.0,1.0,1.0,1.0,1.0,1.0,0.0,1050.0,25.0,1.0,1,0,1411.0,L,H
11,1,White,1.0,0.0,1.0,0.0,1.0,1.0,0.0,1.0,1.0,1.0,1.0,1.0,1.0,0.0,290.0,28.0,1.0,1,0,926.0,L,H
11,1,Hispanic,0.0,1.0,0.0,0.0,1.0,0.0,0.0,1.0,1.0,0.0,0.0,0.0,1.0,0.0,225.0,30.0,1.0,1,0,366.0,H,H
10,1,White,1.0,0.0,1.0,0.0,1.0,1.0,0.0,0.0,1.0,1.0,1.0,1.0,1.0,0.0,180.0,25.0,1.0,1,0,887.0,L,H
10,0,Black,1.0,1.0,0.0,0.0,0.0,0.0,0.0,1.0,1.0,1.0,1.0,1.0,1.0,0.0,270.0,25.0,1.0,1,1,991.0,H,L
11,0,Hispanic,0.0,1.0,1.0,0.0,1.0,1.0,1.0,1.0,1.0,0.0,0.0,1.0,1.0,0.0,195.0,30.0,1.0,0,1,570.0,H,H
10,0,Hispanic,1.0,0.0,0.0,0.0,1.0,0.0,0.0,1.0,1.0,0.0,0.0,1.0,1.0,0.0,300.0,35.0,1.0,1,1,3138.0,H,L
11,1,White,1.0,1.0,1.0,1.0,1.0,1.0,1.0,0.0,1.0,1.0,1.0,1.0,1.0,0.0,516.0,30.0,1.0,1,0,1812.0,L,H
10,0,White,1.0,0.0,1.0,1.0,1.0,1.0,0.0,1.0,1.0,1.0,1.0,1.0,1.0,0.0,250.0,25.0,1.0,1,0,854.0,L,H
10,0,White,1.0,1.0,1.0,1.0,1.0,1.0,0.0,0.0,1.0,1.0,0.0,1.0,1.0,0.0,300.0,28.0,1.0,1,0,1250.0,H,H
10,0,Hispanic,1.0,1.0,1.0,0.0,1.0,1.0,0.0,1.0,1.0,1.0,1.0,1.0,1.0,0.0,235.0,20.0,1.0,1,0,1250.0,H,H
10,0,Hispanic,0.0,1.0,1.0,0.0,0.0,1.0,0.0,1.0,1.0,0.0,1.0,1.0,1.0,0.0,270.0,30.0,1.0,1,1,2085.0,H,H
10,1,White,1.0,1.0,1.0,0.0,1.0,1.0,0.0,1.0,1.0,1.0,1.0,1.0,1.0,0.0,300.0,24.0,1.0,0,1,308.0,H,H
11,1,Hispanic,1.0,1.0,0.0,0.0,0.0,0.0,0.0,1.0,0.0,0.0,0.0,0.0,1.0,0.0,270.0,35.0,1.0,1,1,3201.0,H,H
8,1,Hispanic,1.0,0.0,1.0,1.0,1.0,0.0,0.0,0.0,1.0,1.0,1.0,1.0,0.0,0.0,160.0,17.0,1.0,1,0,362.0,L,H
10,0,White,0.0,1.0,1.0,0.0,1.0,1.0,0.0,1.0,1.0,1.0,1.0,1.0,1.0,0.0,800.0,20.0,1.0,1,0,865.0,L,H
10,1,White,1.0,1.0,1.0,1.0,1.0,1.0,1.0,1.0,1.0,1.0,1.0,1.0,1.0,0.0,300.0,23.0,1.0,1,0,1233.0,L,H
10,0,White,1.0,1.0,1.0,0.0,1.0,1.0,0.0,1.0,1.0,1.0,1.0,1.0,1.0,1.0,270.0,30.0,1.0,1,1,2966.0,H,H
10,1,More than one race,1.0,1.0,0.0,0.0,1.0,1.0,0.0,1.0,1.0,0.0,1.0,1.0,1.0,0.0,350.0,30.0,1.0,1,0,712.0,L,H
10,1,White,1.0,1.0,1.0,1.0,1.0,1.0,1.0,1.0,1.0,1.0,1.0,1.0,1.0,0.0,40.0,20.0,1.0,1,0,632.0,H,H
10,1,Hispanic,1.0,1.0,1.0,0.0,0.0,1.0,0.0,1.0,1.0,0.0,0.0,1.0,1.0,0.0,225.0,19.0,1.0,1,1,1196.0,L,H
10,0,White,1.0,1.0,1.0,0.0,1.0,1.0,1.0,1.0,1.0,1.0,1.0,1.0,1.0,0.0,200.0,25.0,0.0,1,1,2640.0,H,H
10,0,Black,0.0,1.0,1.0,0.0,1.0,1.0,0.0,1.0,1.0,1.0,1.0,1.0,1.0,1.0,300.0,24.0,1.0,1,0,2183.0,L,H
11,1,Black,1.0,1.0,1.0,0.0,1.0,1.0,0.0,1.0,1.0,1.0,1.0,1.0,1.0,0.0,300.0,36.0,1.0,1,1,2149.0,L,H
10,0,Asian,1.0,1.0,0.0,0.0,0.0,1.0,0.0,1.0,1.0,0.0,0.0,1.0,1.0,1.0,295.0,24.0,1.0,1,0,1733.0,L,H
9,0,White,1.0,1.0,1.0,1.0,0.0,1.0,1.0,1.0,1.0,0.0,1.0,1.0,1.0,1.0,300.0,30.0,1.0,1,1,1046.0,L,H
9,0,Black,1.0,1.0,1.0,1.0,1.0,1.0,0.0,1.0,1.0,1.0,1.0,1.0,1.0,0.0,270.0,22.0,1.0,1,0,996.0,L,H
10,0,White,1.0,1.0,1.0,1.0,1.0,1.0,1.0,1.0,1.0,1.0,1.0,1.0,1.0,1.0,450.0,22.0,1.0,1,0,1471.0,H,H
10,0,White,1.0,1.0,1.0,0.0,1.0,1.0,0.0,1.0,1.0,1.0,1.0,1.0,1.0,1.0,375.0,32.0,1.0,1,1,2966.0,H,H
9,0,Hispanic,0.0,1.0,0.0,0.0,1.0,0.0,0.0,1.0,1.0,0.0,0.0,1.0,0.0,0.0,225.0,26.0,1.0,1,1,1062.0,L,L
10,1,White,1.0,1.0,1.0,1.0,0.0,1.0,1.0,0.0,1.0,0.0,0.0,0.0,1.0,0.0,45.0,30.0,1.0,1,1,3164.0,L,H
11,1,Native Hawaiian/Other Pacific Islander,1.0,1.0,0.0,0.0,0.0,1.0,1.0,0.0,1.0,0.0,1.0,1.0,1.0,1.0,180.0,25.0,1.0,1,0,1273.0,H,H
10,0,More than one race,1.0,1.0,1.0,0.0,1.0,1.0,1.0,0.0,1.0,1.0,1.0,1.0,1.0,1.0,300.0,30.0,1.0,1,0,1913.0,H,H
9,1,Hispanic,0.0,1.0,1.0,1.0,1.0,1.0,0.0,1.0,1.0,0.0,0.0,1.0,1.0,0.0,360.0,42.0,1.0,1,1,2886.0,L,H
10,0,Black,1.0,0.0,1.0,0.0,0.0,1.0,0.0,1.0,1.0,1.0,1.0,1.0,1.0,0.0,300.0,25.0,1.0,1,0,1173.0,L,H
10,0,White,1.0,1.0,1.0,0.0,1.0,1.0,0.0,1.0,1.0,1.0,1.0,1.0,1.0,1.0,250.0,20.0,1.0,1,0,247.0,H,H
11,1,White,1.0,1.0,1.0,1.0,1.0,1.0,1.0,1.0,1.0,1.0,1.0,1.0,1.0,0.0,225.0,10.0,0.0,0,1,366.0,H,H
10,1,White,0.0,1.0,1.0,0.0,0.0,1.0,0.0,1.0,1.0,1.0,1.0,1.0,1.0,0.0,300.0,30.0,1.0,1,1,1988.0,H,H
10,1,White,1.0,1.0,1.0,1.0,1.0,1.0,1.0,1.0,1.0,1.0,1.0,1.0,1.0,0.0,360.0,26.0,1.0,0,1,575.0,H,H
10,1,White,1.0,1.0,1.0,1.0,1.0,1.0,0.0,1.0,1.0,1.0,1.0,1.0,1.0,0.0,375.0,30.0,1.0,1,0,712.0,H,H
10,0,White,1.0,1.0,1.0,0.0,1.0,1.0,0.0,1.0,1.0,1.0,1.0,1.0,1.0,0.0,270.0,20.0,1.0,1,0,196.0,L,H
11,1,White,1.0,1.0,1.0,0.0,1.0,1.0,0.0,0.0,1.0,1.0,1.0,1.0,1.0,0.0,900.0,25.0,1.0,1,0,1064.0,H,H
10,0,White,0.0,1.0,1.0,1.0,1.0,1.0,1.0,1.0,1.0,1.0,1.0,1.0,1.0,1.0,235.0,25.0,1.0,1,0,1828.0,H,H
10,1,White,1.0,1.0,1.0,0.0,1.0,1.0,0.0,1.0,1.0,1.0,1.0,1.0,1.0,0.0,220.0,20.0,1.0,1,0,846.0,L,H
11,0,White,0.0,1.0,1.0,1.0,1.0,1.0,1.0,1.0,1.0,1.0,1.0,1.0,1.0,0.0,270.0,25.0,1.0,1,0,1471.0,H,H
10,1,White,1.0,1.0,1.0,0.0,1.0,1.0,1.0,1.0,1.0,1.0,1.0,1.0,1.0,0.0,90.0,24.0,1.0,1,0,1680.0,L,H
10,0,White,1.0,1.0,1.0,1.0,1.0,1.0,1.0,1.0,1.0,1.0,1.0,1.0,1.0,0.0,240.0,30.0,1.0,0,1,575.0,H,H
11,0,White,0.0,1.0,1.0,1.0,1.0,1.0,0.0,1.0,1.0,1.0,1.0,1.0,1.0,0.0,225.0,25.0,1.0,1,0,854.0,L,H
10,1,White,0.0,1.0,1.0,1.0,1.0,1.0,1.0,1.0,1.0,1.0,1.0,1.0,1.0,0.0,50.0,25.0,1.0,1,1,2080.0,L,H
10,0,White,1.0,1.0,1.0,1.0,1.0,1.0,0.0,1.0,1.0,1.0,1.0,1.0,1.0,0.0,275.0,30.0,1.0,1,0,1347.0,L,H
11,0,Asian,1.0,1.0,1.0,1.0,0.0,1.0,1.0,1.0,1.0,1.0,1.0,1.0,1.0,1.0,275.0,25.0,1.0,1,1,3592.0,H,H
11,1,White,1.0,0.0,1.0,0.0,1.0,1.0,0.0,1.0,1.0,1.0,1.0,1.0,1.0,0.0,210.0,20.0,1.0,1,0,774.0,L,H
9,1,Black,1.0,1.0,1.0,0.0,1.0,1.0,0.0,0.0,0.0,0.0,0.0,0.0,1.0,0.0,120.0,38.0,1.0,1,1,1900.0,H,L
11,0,Black,0.0,0.0,1.0,0.0,1.0,1.0,0.0,1.0,1.0,1.0,1.0,1.0,1.0,0.0,315.0,20.0,1.0,1,0,1327.0,L,L
12,1,White,1.0,1.0,1.0,1.0,0.0,1.0,1.0,1.0,1.0,1.0,1.0,1.0,1.0,0.0,250.0,12.0,1.0,0,1,915.0,H,H
10,0,Asian,0.0,1.0,1.0,1.0,1.0,1.0,1.0,0.0,0.0,0.0,0.0,0.0,1.0,0.0,200.0,21.0,1.0,1,1,2203.0,H,H
10,0,White,1.0,1.0,1.0,1.0,1.0,1.0,1.0,1.0,1.0,1.0,1.0,1.0,1.0,0.0,210.0,15.0,1.0,1,0,2098.0,H,H
11,1,Hispanic,1.0,1.0,1.0,1.0,1.0,1.0,1.0,1.0,1.0,1.0,1.0,1.0,1.0,0.0,250.0,30.0,1.0,0,1,308.0,H,H
10,1,More than one race,0.0,1.0,1.0,0.0,1.0,1.0,0.0,1.0,1.0,1.0,1.0,1.0,1.0,0.0,200.0,22.0,1.0,1,0,1327.0,H,H
10,1,Asian,0.0,1.0,1.0,0.0,0.0,1.0,1.0,1.0,0.0,0.0,0.0,0.0,1.0,1.0,600.0,30.0,1.0,1,1,2886.0,L,H
11,1,Hispanic,1.0,1.0,1.0,1.0,1.0,0.0,0.0,0.0,1.0,1.0,0.0,1.0,1.0,0.0,225.0,20.0,1.0,1,1,1196.0,L,H
11,0,White,1.0,1.0,1.0,0.0,1.0,1.0,0.0,1.0,1.0,1.0,1.0,1.0,1.0,1.0,230.0,18.0,1.0,1,0,1828.0,L,H
10,1,White,1.0,1.0,1.0,1.0,0.0,1.0,1.0,1.0,1.0,1.0,1.0,1.0,1.0,0.0,200.0,17.0,1.0,1,0,846.0,L,H
10,1,White,1.0,1.0,1.0,1.0,1.0,1.0,1.0,1.0,1.0,1.0,1.0,1.0,1.0,0.0,225.0,15.0,1.0,0,1,1212.0,H,H
10,0,Hispanic,1.0,1.0,1.0,0.0,1.0,1.0,0.0,1.0,1.0,1.0,1.0,1.0,1.0,1.0,420.0,30.0,0.0,1,1,626.0,H,H
11,1,White,1.0,1.0,1.0,1.0,1.0,1.0,1.0,1.0,1.0,1.0,1.0,1.0,1.0,0.0,200.0,24.0,1.0,1,0,1680.0,H,H
10,0,White,0.0,0.0,1.0,0.0,1.0,1.0,0.0,1.0,1.0,1.0,1.0,1.0,1.0,1.0,225.0,40.0,1.0,1,0,149.0,H,H
9,0,White,0.0,1.0,1.0,0.0,1.0,1.0,0.0,0.0,1.0,1.0,1.0,1.0,0.0,0.0,90.0,30.0,1.0,1,0,1387.0,L,H
11,0,Hispanic,0.0,1.0,1.0,0.0,1.0,1.0,1.0,1.0,0.0,0.0,0.0,0.0,1.0,0.0,450.0,20.0,1.0,1,0,2569.0,L,H
10,0,White,1.0,0.0,1.0,0.0,1.0,1.0,0.0,1.0,1.0,1.0,1.0,1.0,1.0,1.0,350.0,28.0,1.0,1,0,899.0,H,H
10,0,Hispanic,1.0,0.0,1.0,0.0,0.0,0.0,0.0,1.0,1.0,0.0,0.0,0.0,1.0,1.0,255.0,35.0,1.0,1,1,1734.0,H,L
11,1,Hispanic,0.0,1.0,1.0,0.0,1.0,0.0,0.0,1.0,0.0,0.0,0.0,1.0,1.0,0.0,280.0,40.0,1.0,1,1,3592.0,L,H
10,1,White,1.0,1.0,1.0,1.0,1.0,1.0,1.0,1.0,1.0,1.0,1.0,1.0,1.0,0.0,180.0,20.0,1.0,1,0,996.0,H,H
10,0,White,1.0,1.0,1.0,1.0,0.0,1.0,1.0,0.0,1.0,1.0,1.0,1.0,1.0,0.0,275.0,30.0,1.0,1,1,2162.0,H,H
10,1,White,1.0,0.0,1.0,0.0,1.0,1.0,0.0,1.0,1.0,1.0,1.0,1.0,0.0,0.0,225.0,30.0,1.0,1,0,276.0,L,H
10,1,More than one race,0.0,1.0,1.0,1.0,1.0,1.0,0.0,1.0,1.0,1.0,1.0,1.0,1.0,0.0,636.0,18.0,1.0,1,0,1526.0,H,H
11,0,White,1.0,1.0,1.0,1.0,1.0,1.0,1.0,1.0,1.0,1.0,1.0,1.0,1.0,0.0,60.0,30.0,1.0,1,0,926.0,H,H
9,0,Black,1.0,1.0,1.0,1.0,1.0,1.0,1.0,1.0,1.0,0.0,0.0,1.0,1.0,1.0,300.0,23.0,1.0,1,0,2041.0,H,H
10,0,Native Hawaiian/Other Pacific Islander,1.0,1.0,1.0,0.0,1.0,1.0,0.0,0.0,1.0,1.0,1.0,1.0,1.0,1.0,200.0,15.0,1.0,1,0,846.0,H,H
10,1,White,1.0,1.0,1.0,0.0,1.0,1.0,0.0,1.0,1.0,1.0,1.0,1.0,1.0,0.0,261.0,30.0,1.0,1,0,979.0,H,H
10,1,White,0.0,0.0,1.0,1.0,1.0,1.0,0.0,1.0,1.0,1.0,1.0,1.0,0.0,0.0,240.0,30.0,1.0,1,0,1087.0,L,H
10,1,Hispanic,0.0,1.0,0.0,0.0,0.0,0.0,0.0,1.0,0.0,0.0,0.0,0.0,0.0,0.0,150.0,30.0,1.0,1,0,1079.0,L,H
9,1,White,0.0,1.0,1.0,1.0,1.0,1.0,1.0,1.0,1.0,1.0,1.0,1.0,1.0,0.0,400.0,32.0,1.0,1,0,930.0,H,H
10,0,White,1.0,1.0,1.0,0.0,1.0,1.0,0.0,1.0,1.0,1.0,1.0,1.0,1.0,0.0,270.0,20.0,1.0,1,0,389.0,H,H
10,0,White,1.0,1.0,1.0,1.0,1.0,1.0,0.0,1.0,1.0,1.0,1.0,1.0,1.0,1.0,224.0,21.0,1.0,1,0,690.0,H,H
10,1,White,1.0,1.0,1.0,1.0,1.0,1.0,1.0,1.0,1.0,1.0,1.0,1.0,1.0,0.0,300.0,26.0,1.0,1,0,762.0,L,H
10,0,White,0.0,1.0,1.0,0.0,0.0,1.0,0.0,0.0,1.0,1.0,1.0,1.0,1.0,0.0,250.0,20.0,1.0,1,0,854.0,L,H
10,0,Hispanic,1.0,0.0,1.0,0.0,0.0,1.0,0.0,0.0,1.0,1.0,1.0,1.0,1.0,0.0,225.0,21.0,1.0,1,0,1828.0,L,L
11,1,White,0.0,1.0,1.0,1.0,1.0,1.0,1.0,0.0,1.0,1.0,1.0,1.0,1.0,0.0,350.0,30.0,1.0,1,0,1295.0,L,H
10,1,White,1.0,0.0,1.0,0.0,1.0,1.0,0.0,1.0,1.0,1.0,1.0,1.0,1.0,0.0,300.0,18.0,1.0,1,0,690.0,H,H
11,1,More than one race,1.0,1.0,1.0,0.0,1.0,1.0,0.0,1.0,1.0,1.0,1.0,1.0,1.0,0.0,205.0,20.0,1.0,1,0,632.0,H,H
10,1,Hispanic,1.0,0.0,1.0,0.0,1.0,1.0,0.0,1.0,1.0,1.0,1.0,0.0,1.0,0.0,300.0,30.0,1.0,1,1,3138.0,L,L
11,0,White,1.0,1.0,1.0,0.0,0.0,1.0,0.0,1.0,1.0,1.0,1.0,1.0,1.0,0.0,180.0,25.0,1.0,1,0,2748.0,H,H
10,0,More than one race,0.0,1.0,1.0,0.0,0.0,1.0,0.0,1.0,1.0,1.0,1.0,1.0,1.0,1.0,350.0,30.0,1.0,1,0,712.0,L,H
10,1,White,1.0,1.0,1.0,1.0,1.0,1.0,1.0,1.0,1.0,1.0,1.0,1.0,1.0,0.0,270.0,22.0,1.0,1,1,2999.0,H,H
10,1,Black,1.0,1.0,1.0,1.0,0.0,1.0,1.0,0.0,1.0,1.0,1.0,1.0,1.0,0.0,200.0,23.0,1.0,0,1,398.0,L,H
10,0,White,1.0,1.0,1.0,1.0,1.0,1.0,0.0,1.0,1.0,1.0,1.0,1.0,1.0,1.0,275.0,21.0,1.0,1,0,1526.0,H,H
11,0,Hispanic,0.0,1.0,1.0,0.0,1.0,1.0,0.0,1.0,1.0,0.0,0.0,1.0,1.0,1.0,420.0,27.0,1.0,1,1,3201.0,H,H
9,1,White,1.0,1.0,1.0,1.0,1.0,1.0,1.0,1.0,1.0,1.0,1.0,1.0,1.0,1.0,275.0,20.0,1.0,1,0,1526.0,H,H
11,0,Hispanic,1.0,1.0,0.0,0.0,1.0,1.0,0.0,1.0,1.0,1.0,1.0,1.0,1.0,1.0,55.0,30.0,1.0,1,1,1392.0,H,H
9,1,White,0.0,1.0,1.0,1.0,1.0,1.0,1.0,1.0,1.0,1.0,1.0,1.0,1.0,0.0,450.0,30.0,1.0,1,0,1173.0,L,H
10,1,More than one race,1.0,0.0,0.0,1.0,1.0,0.0,0.0,1.0,1.0,1.0,1.0,1.0,1.0,1.0,275.0,27.0,1.0,1,0,899.0,L,H
11,1,Hispanic,1.0,1.0,0.0,0.0,0.0,0.0,0.0,1.0,1.0,0.0,0.0,1.0,1.0,0.0,275.0,30.0,1.0,1,1,2144.0,L,H
10,1,More than one race,1.0,1.0,1.0,1.0,1.0,1.0,1.0,1.0,1.0,0.0,1.0,1.0,1.0,0.0,0.0,20.0,1.0,1,0,987.0,L,H
9,1,Black,0.0,0.0,1.0,0.0,0.0,1.0,0.0,0.0,1.0,1.0,1.0,1.0,0.0,0.0,225.0,18.0,1.0,1,0,762.0,L,L
11,1,Asian,0.0,0.0,1.0,0.0,1.0,1.0,0.0,1.0,1.0,0.0,0.0,1.0,1.0,0.0,270.0,24.0,1.0,1,0,1489.0,L,H
10,0,White,1.0,1.0,1.0,1.0,1.0,1.0,1.0,1.0,1.0,1.0,1.0,1.0,1.0,0.0,300.0,23.0,1.0,1,0,1233.0,L,H
10,0,Hispanic,1.0,1.0,1.0,0.0,0.0,1.0,0.0,0.0,1.0,0.0,0.0,0.0,1.0,0.0,46.0,30.0,1.0,1,1,1574.0,H,H
10,1,Hispanic,0.0,1.0,0.0,0.0,0.0,0.0,0.0,1.0,1.0,0.0,0.0,0.0,1.0,0.0,275.0,20.0,1.0,1,0,926.0,L,L
10,0,White,0.0,1.0,1.0,0.0,1.0,1.0,0.0,1.0,1.0,1.0,1.0,1.0,1.0,0.0,225.0,15.0,1.0,1,0,854.0,L,H
10,1,White,1.0,0.0,1.0,0.0,1.0,1.0,0.0,1.0,1.0,1.0,1.0,1.0,1.0,0.0,300.0,20.0,1.0,1,0,362.0,L,H
9,1,Hispanic,1.0,1.0,1.0,0.0,0.0,1.0,0.0,1.0,1.0,0.0,0.0,1.0,1.0,0.0,175.0,20.0,1.0,1,0,3004.0,L,H
11,0,White,0.0,0.0,1.0,0.0,1.0,0.0,0.0,1.0,1.0,1.0,1.0,1.0,1.0,0.0,240.0,30.0,1.0,1,1,1400.0,L,H
11,0,White,1.0,1.0,1.0,1.0,1.0,1.0,1.0,1.0,1.0,1.0,0.0,1.0,1.0,0.0,180.0,26.0,1.0,1,1,2999.0,H,H
10,0,Hispanic,1.0,1.0,0.0,0.0,1.0,0.0,0.0,1.0,1.0,0.0,0.0,0.0,1.0,0.0,195.0,24.0,1.0,0,1,570.0,H,H
11,1,White,0.0,0.0,1.0,0.0,0.0,1.0,1.0,1.0,1.0,1.0,1.0,1.0,0.0,0.0,264.0,30.0,1.0,1,0,2402.0,H,H
11,0,Black,1.0,1.0,1.0,1.0,1.0,1.0,1.0,1.0,1.0,1.0,1.0,1.0,1.0,0.0,275.0,10.0,1.0,0,1,915.0,H,H
10,1,Hispanic,0.0,0.0,1.0,0.0,1.0,1.0,0.0,1.0,0.0,0.0,0.0,0.0,1.0,0.0,30.0,20.0,1.0,1,1,1720.0,H,L
10,1,White,1.0,0.0,1.0,0.0,1.0,0.0,0.0,1.0,1.0,1.0,1.0,1.0,1.0,0.0,500.0,20.0,1.0,1,0,1411.0,L,H
10,0,More than one race,1.0,1.0,1.0,1.0,1.0,1.0,0.0,1.0,1.0,1.0,1.0,1.0,0.0,0.0,450.0,35.0,1.0,1,0,979.0,L,L
10,1,White,1.0,1.0,1.0,0.0,0.0,1.0,1.0,1.0,1.0,1.0,1.0,1.0,1.0,0.0,350.0,30.0,1.0,1,0,898.0,H,H
11,0,White,0.0,1.0,1.0,0.0,1.0,1.0,0.0,1.0,1.0,1.0,1.0,1.0,1.0,1.0,225.0,18.0,1.0,1,0,854.0,H,H
10,0,White,1.0,1.0,1.0,0.0,0.0,1.0,0.0,1.0,1.0,1.0,1.0,1.0,1.0,0.0,225.0,28.0,1.0,1,0,347.0,L,H
10,1,Asian,1.0,1.0,1.0,1.0,1.0,1.0,1.0,1.0,1.0,0.0,0.0,1.0,1.0,0.0,350.0,28.0,1.0,1,0,899.0,H,H
11,0,Asian,1.0,1.0,1.0,1.0,1.0,1.0,1.0,1.0,0.0,0.0,0.0,0.0,1.0,1.0,450.0,18.0,1.0,1,1,1640.0,H,H
9,1,White,1.0,1.0,1.0,1.0,1.0,1.0,1.0,1.0,1.0,1.0,1.0,1.0,1.0,0.0,275.0,20.0,1.0,1,0,507.0,L,H
10,0,White,0.0,1.0,0.0,0.0,0.0,0.0,0.0,1.0,1.0,1.0,1.0,1.0,0.0,1.0,30.0,1.0,0.0,1,0,889.0,L,L
11,1,Hispanic,0.0,1.0,1.0,0.0,1.0,1.0,0.0,1.0,1.0,0.0,0.0,0.0,1.0,0.0,200.0,30.0,1.0,0,1,398.0,L,H
10,1,Hispanic,1.0,1.0,1.0,0.0,0.0,1.0,0.0,1.0,1.0,0.0,0.0,1.0,1.0,0.0,450.0,20.0,1.0,1,0,2569.0,L,H
10,0,White,1.0,1.0,1.0,1.0,1.0,1.0,0.0,1.0,1.0,1.0,1.0,1.0,1.0,0.0,275.0,25.0,1.0,1,0,850.0,L,H
9,1,White,1.0,0.0,1.0,0.0,0.0,1.0,0.0,1.0,1.0,1.0,1.0,1.0,1.0,0.0,240.0,15.0,0.0,1,0,247.0,L,L
11,0,Black,1.0,1.0,1.0,0.0,1.0,1.0,0.0,1.0,1.0,1.0,1.0,1.0,1.0,0.0,275.0,30.0,1.0,1,0,505.0,L,H
10,1,More than one race,1.0,1.0,1.0,0.0,0.0,1.0,1.0,1.0,1.0,1.0,1.0,1.0,0.0,1.0,225.0,17.0,1.0,1,0,149.0,H,H
9,1,White,1.0,0.0,0.0,0.0,0.0,1.0,0.0,1.0,1.0,1.0,1.0,1.0,1.0,0.0,200.0,28.0,1.0,1,0,1897.0,L,L
10,1,White,1.0,1.0,1.0,1.0,1.0,1.0,1.0,1.0,1.0,1.0,1.0,1.0,1.0,0.0,250.0,20.0,1.0,1,0,1848.0,H,H
11,0,White,1.0,1.0,1.0,1.0,1.0,1.0,1.0,1.0,1.0,1.0,1.0,1.0,1.0,0.0,270.0,27.0,1.0,1,1,1378.0,H,H
10,0,Black,0.0,1.0,1.0,1.0,1.0,1.0,0.0,1.0,1.0,1.0,1.0,1.0,1.0,0.0,200.0,28.0,1.0,1,0,846.0,L,H
10,1,White,0.0,1.0,1.0,0.0,1.0,1.0,0.0,1.0,1.0,1.0,1.0,1.0,1.0,0.0,410.0,30.0,1.0,1,0,930.0,L,H
10,1,Hispanic,1.0,1.0,1.0,0.0,1.0,1.0,0.0,1.0,1.0,1.0,1.0,1.0,1.0,0.0,275.0,12.0,1.0,1,1,539.0,H,H
10,1,Hispanic,1.0,1.0,1.0,0.0,1.0,1.0,0.0,1.0,1.0,1.0,1.0,1.0,1.0,1.0,325.0,25.0,1.0,1,0,3004.0,H,H
10,1,White,1.0,0.0,1.0,1.0,1.0,1.0,0.0,1.0,1.0,1.0,1.0,1.0,1.0,0.0,350.0,30.0,1.0,1,0,1101.0,L,H
10,0,White,0.0,1.0,1.0,0.0,1.0,1.0,0.0,1.0,1.0,1.0,1.0,1.0,1.0,1.0,235.0,25.0,1.0,1,0,227.0,H,H
10,0,White,1.0,0.0,1.0,0.0,1.0,1.0,0.0,1.0,1.0,1.0,1.0,1.0,1.0,1.0,270.0,35.0,1.0,1,0,808.0,H,H
10,1,Hispanic,1.0,1.0,1.0,1.0,1.0,1.0,0.0,1.0,1.0,1.0,1.0,1.0,1.0,1.0,350.0,25.0,1.0,1,0,899.0,H,H
10,0,White,0.0,1.0,1.0,0.0,0.0,1.0,0.0,1.0,1.0,1.0,1.0,1.0,1.0,1.0,120.0,20.0,1.0,1,0,1273.0,H,H
10,1,White,0.0,1.0,1.0,0.0,1.0,1.0,0.0,1.0,1.0,1.0,1.0,1.0,1.0,1.0,275.0,20.0,1.0,1,1,2004.0,H,H
10,0,Hispanic,1.0,1.0,0.0,0.0,0.0,0.0,0.0,0.0,1.0,0.0,0.0,0.0,1.0,0.0,250.0,30.0,1.0,1,1,3592.0,L,H
10,1,Hispanic,1.0,1.0,0.0,0.0,1.0,0.0,0.0,1.0,1.0,0.0,0.0,1.0,1.0,0.0,300.0,30.0,1.0,1,1,3592.0,H,L
11,0,White,1.0,1.0,1.0,0.0,0.0,1.0,0.0,1.0,1.0,1.0,1.0,1.0,1.0,0.0,200.0,30.0,1.0,1,1,2640.0,L,H
9,1,White,1.0,1.0,1.0,0.0,1.0,1.0,0.0,1.0,1.0,1.0,1.0,1.0,1.0,1.0,45.0,6.0,1.0,1,0,149.0,L,H
10,0,White,0.0,1.0,1.0,0.0,1.0,1.0,0.0,1.0,1.0,1.0,1.0,1.0,1.0,0.0,225.0,40.0,0.0,1,0,149.0,H,H
10,1,White,1.0,1.0,1.0,0.0,1.0,1.0,0.0,1.0,1.0,1.0,1.0,1.0,1.0,0.0,220.0,20.0,1.0,1,0,247.0,H,H
10,1,Hispanic,0.0,1.0,0.0,0.0,0.0,1.0,0.0,1.0,1.0,0.0,0.0,0.0,0.0,0.0,350.0,21.0,1.0,1,0,1101.0,L,L
10,0,Hispanic,1.0,1.0,0.0,0.0,1.0,0.0,0.0,1.0,1.0,0.0,0.0,0.0,1.0,0.0,250.0,30.0,1.0,1,1,2144.0,L,L
10,0,White,1.0,1.0,1.0,1.0,1.0,1.0,1.0,1.0,1.0,1.0,1.0,1.0,1.0,0.0,300.0,25.0,1.0,1,0,1848.0,H,H
10,1,White,0.0,0.0,1.0,1.0,1.0,1.0,0.0,1.0,1.0,1.0,1.0,1.0,0.0,0.0,225.0,20.0,1.0,1,0,1848.0,L,H
10,1,More than one race,1.0,1.0,1.0,0.0,1.0,1.0,0.0,1.0,1.0,1.0,1.0,1.0,1.0,0.0,500.0,30.0,1.0,1,0,361.0,H,H
11,1,Black,0.0,1.0,1.0,0.0,1.0,1.0,0.0,1.0,1.0,1.0,1.0,1.0,1.0,1.0,300.0,27.0,1.0,1,0,361.0,H,H
11,1,Black,1.0,1.0,1.0,0.0,1.0,1.0,0.0,0.0,1.0,0.0,0.0,1.0,1.0,0.0,225.0,20.0,1.0,1,0,361.0,H,H
10,1,Asian,1.0,1.0,1.0,1.0,1.0,1.0,1.0,1.0,1.0,0.0,0.0,1.0,1.0,1.0,350.0,23.0,1.0,1,0,868.0,L,H
10,0,Black,1.0,0.0,1.0,0.0,1.0,1.0,0.0,0.0,1.0,1.0,1.0,1.0,1.0,1.0,50.0,27.0,1.0,1,0,868.0,L,H
10,1,Hispanic,1.0,1.0,1.0,1.0,1.0,1.0,0.0,1.0,1.0,1.0,1.0,1.0,1.0,1.0,275.0,30.0,1.0,1,0,316.0,H,H
10,0,White,1.0,1.0,1.0,1.0,1.0,1.0,1.0,0.0,1.0,1.0,1.0,1.0,1.0,0.0,275.0,32.0,1.0,1,0,316.0,H,H
10,1,White,1.0,1.0,1.0,1.0,0.0,1.0,1.0,1.0,1.0,1.0,1.0,1.0,1.0,0.0,235.0,20.0,1.0,0,1,356.0,H,H
10,1,White,1.0,1.0,1.0,1.0,0.0,1.0,1.0,1.0,1.0,1.0,1.0,1.0,1.0,0.0,200.0,20.0,1.0,0,1,356.0,H,H
10,1,White,1.0,0.0,1.0,1.0,1.0,1.0,1.0,1.0,1.0,1.0,1.0,1.0,1.0,0.0,225.0,18.0,1.0,0,1,356.0,H,H
9,0,Black,0.0,1.0,1.0,1.0,0.0,0.0,0.0,0.0,1.0,1.0,1.0,1.0,1.0,0.0,200.0,28.0,1.0,1,1,1723.0,L,H
10,0,White,1.0,1.0,1.0,1.0,1.0,1.0,1.0,1.0,1.0,1.0,1.0,1.0,1.0,1.0,270.0,22.0,1.0,1,0,196.0,H,H
10,1,White,0.0,1.0,1.0,0.0,0.0,1.0,1.0,1.0,1.0,1.0,1.0,1.0,1.0,1.0,270.0,22.0,1.0,1,0,196.0,H,H
10,1,White,1.0,1.0,1.0,1.0,1.0,1.0,1.0,1.0,1.0,1.0,1.0,1.0,1.0,0.0,225.0,15.0,1.0,0,1,915.0,H,H
10,1,White,0.0,0.0,1.0,1.0,0.0,1.0,1.0,1.0,1.0,1.0,1.0,1.0,1.0,0.0,225.0,14.0,1.0,0,1,915.0,H,H
10,0,White,1.0,1.0,1.0,1.0,1.0,1.0,1.0,1.0,1.0,1.0,1.0,1.0,1.0,1.0,275.0,17.0,1.0,0,1,915.0,H,H
10,1,White,0.0,1.0,1.0,1.0,0.0,1.0,1.0,1.0,0.0,0.0,0.0,1.0,1.0,1.0,275.0,28.0,1.0,1,0,1913.0,H,H
11,1,White,0.0,0.0,1.0,0.0,1.0,1.0,0.0,1.0,1.0,1.0,1.0,1.0,1.0,0.0,300.0,25.0,1.0,1,0,1913.0,H,L
11,0,More than one race,1.0,1.0,1.0,0.0,1.0,1.0,0.0,1.0,1.0,1.0,1.0,1.0,1.0,0.0,300.0,25.0,1.0,1,0,1913.0,H,H
11,1,White,1.0,1.0,1.0,0.0,1.0,1.0,0.0,1.0,1.0,1.0,1.0,1.0,1.0,0.0,275.0,18.0,1.0,1,0,1913.0,H,H
10,1,White,1.0,1.0,1.0,1.0,1.0,1.0,0.0,1.0,1.0,1.0,1.0,1.0,1.0,1.0,300.0,25.0,1.0,1,0,434.0,H,H
10,1,White,0.0,1.0,1.0,1.0,1.0,1.0,1.0,1.0,1.0,1.0,1.0,1.0,1.0,0.0,225.0,20.0,1.0,1,0,434.0,L,H
11,0,Hispanic,0.0,1.0,1.0,0.0,1.0,1.0,1.0,1.0,0.0,0.0,0.0,0.0,1.0,0.0,225.0,25.0,1.0,1,1,991.0,H,H
10,0,White,1.0,1.0,1.0,0.0,1.0,1.0,0.0,0.0,1.0,1.0,1.0,1.0,1.0,0.0,225.0,30.0,1.0,1,0,1233.0,L,H
10,1,White,0.0,1.0,1.0,0.0,0.0,1.0,0.0,1.0,1.0,1.0,1.0,1.0,1.0,1.0,270.0,24.0,1.0,1,1,1400.0,L,H
11,1,Hispanic,1.0,0.0,1.0,0.0,0.0,1.0,0.0,1.0,0.0,0.0,0.0,1.0,1.0,0.0,1200.0,22.0,1.0,1,1,1400.0,H,H
10,1,Hispanic,0.0,1.0,1.0,0.0,1.0,0.0,0.0,1.0,0.0,0.0,0.0,0.0,0.0,0.0,240.0,25.0,1.0,1,1,1400.0,H,L
10,1,Hispanic,1.0,0.0,0.0,0.0,1.0,0.0,0.0,1.0,1.0,0.0,0.0,1.0,1.0,0.0,240.0,22.0,1.0,1,1,1400.0,L,L
10,0,White,1.0,0.0,1.0,0.0,0.0,1.0,0.0,1.0,1.0,1.0,1.0,1.0,1.0,0.0,160.0,20.0,1.0,1,1,1900.0,L,H
11,1,White,1.0,1.0,1.0,0.0,1.0,1.0,0.0,1.0,1.0,1.0,1.0,1.0,1.0,0.0,275.0,25.0,1.0,1,0,690.0,H,H
11,0,White,1.0,1.0,1.0,0.0,1.0,1.0,0.0,1.0,1.0,1.0,1.0,1.0,1.0,1.0,285.0,35.0,1.0,1,0,979.0,H,H
10,0,White,1.0,1.0,1.0,0.0,1.0,1.0,0.0,1.0,1.0,1.0,1.0,1.0,1.0,1.0,225.0,18.0,1.0,1,0,358.0,H,H
10,1,White,1.0,1.0,1.0,0.0,1.0,1.0,0.0,1.0,1.0,1.0,1.0,1.0,0.0,0.0,225.0,30.0,1.0,1,0,358.0,H,H
10,1,White,1.0,1.0,1.0,0.0,1.0,1.0,0.0,1.0,1.0,1.0,1.0,1.0,1.0,0.0,225.0,16.0,1.0,1,0,358.0,H,H
10,1,White,0.0,0.0,1.0,0.0,1.0,1.0,0.0,1.0,1.0,1.0,1.0,1.0,1.0,0.0,225.0,17.0,1.0,1,0,421.0,L,L
10,0,White,0.0,1.0,1.0,0.0,1.0,1.0,0.0,1.0,1.0,1.0,1.0,1.0,1.0,0.0,55.0,87.0,1.0,1,0,421.0,H,H
11,0,White,1.0,1.0,1.0,1.0,1.0,1.0,1.0,1.0,1.0,1.0,1.0,1.0,1.0,0.0,200.0,17.0,1.0,1,0,421.0,L,H
10,1,White,1.0,1.0,1.0,0.0,0.0,1.0,0.0,1.0,1.0,1.0,1.0,1.0,1.0,0.0,250.0,20.0,1.0,1,0,1064.0,H,H
10,0,White,1.0,1.0,1.0,0.0,1.0,1.0,0.0,1.0,1.0,1.0,1.0,1.0,1.0,0.0,450.0,20.0,1.0,0,0,331.0,H,H
10,1,White,1.0,1.0,1.0,1.0,1.0,1.0,0.0,1.0,1.0,1.0,1.0,1.0,1.0,0.0,200.0,20.0,1.0,1,0,1680.0,H,H
10,1,White,0.0,1.0,1.0,0.0,0.0,1.0,0.0,1.0,1.0,1.0,1.0,1.0,1.0,0.0,300.0,30.0,1.0,1,1,1046.0,H,H
10,0,Hispanic,0.0,1.0,1.0,0.0,1.0,1.0,1.0,1.0,1.0,1.0,1.0,1.0,1.0,0.0,285.0,20.0,1.0,1,1,1378.0,H,H
10,0,White,1.0,1.0,1.0,0.0,1.0,1.0,0.0,1.0,1.0,1.0,1.0,1.0,1.0,1.0,285.0,30.0,1.0,1,1,1378.0,H,H
10,1,White,1.0,1.0,1.0,1.0,1.0,1.0,1.0,1.0,1.0,1.0,1.0,1.0,1.0,0.0,270.0,25.0,1.0,1,1,1378.0,H,H
10,1,White,0.0,1.0,1.0,0.0,1.0,1.0,0.0,0.0,1.0,1.0,1.0,1.0,1.0,1.0,270.0,23.0,1.0,1,1,1378.0,H,H
10,1,Hispanic,1.0,1.0,1.0,1.0,1.0,1.0,1.0,1.0,1.0,1.0,1.0,1.0,1.0,0.0,300.0,30.0,1.0,1,0,898.0,H,H
10,1,Asian,1.0,0.0,1.0,0.0,0.0,1.0,0.0,1.0,1.0,0.0,0.0,0.0,1.0,0.0,270.0,24.0,1.0,1,1,2085.0,H,H
11,0,Black,1.0,1.0,1.0,1.0,1.0,1.0,0.0,1.0,1.0,1.0,1.0,1.0,1.0,0.0,230.0,25.0,1.0,1,0,1380.0,H,H
10,1,Asian,1.0,1.0,1.0,0.0,1.0,1.0,1.0,1.0,1.0,0.0,0.0,0.0,1.0,0.0,220.0,18.0,1.0,1,1,2203.0,H,H
10,0,White,0.0,1.0,1.0,0.0,0.0,1.0,0.0,1.0,1.0,1.0,1.0,1.0,1.0,0.0,200.0,13.0,1.0,1,1,2203.0,H,H
11,1,White,0.0,1.0,1.0,0.0,1.0,1.0,0.0,0.0,1.0,1.0,1.0,1.0,1.0,0.0,0.0,30.0,1.0,1,0,1750.0,H,H
10,1,White,1.0,1.0,1.0,1.0,1.0,1.0,0.0,1.0,1.0,1.0,1.0,1.0,1.0,0.0,450.0,21.0,1.0,1,0,1750.0,H,H
10,1,American Indian/Alaska Native,0.0,1.0,1.0,0.0,1.0,1.0,0.0,1.0,1.0,1.0,1.0,1.0,0.0,0.0,275.0,25.0,1.0,1,0,1375.0,L,H
10,0,White,0.0,1.0,1.0,0.0,1.0,1.0,1.0,1.0,1.0,1.0,1.0,1.0,0.0,0.0,250.0,26.0,1.0,1,0,1375.0,L,H
11,0,White,1.0,0.0,1.0,1.0,1.0,1.0,0.0,1.0,1.0,1.0,1.0,1.0,1.0,1.0,1200.0,20.0,1.0,1,0,2361.0,L,H
10,1,White,1.0,1.0,1.0,0.0,1.0,1.0,0.0,1.0,1.0,1.0,1.0,1.0,1.0,0.0,315.0,20.0,1.0,1,0,2361.0,L,H
10,1,White,1.0,1.0,1.0,0.0,0.0,1.0,1.0,1.0,1.0,1.0,1.0,1.0,1.0,1.0,270.0,25.0,1.0,1,1,1734.0,L,H
11,0,Hispanic,0.0,1.0,0.0,0.0,0.0,0.0,0.0,1.0,0.0,0.0,0.0,0.0,1.0,0.0,180.0,25.0,1.0,1,0,2402.0,L,H
11,0,White,1.0,1.0,1.0,0.0,1.0,1.0,0.0,1.0,1.0,1.0,1.0,1.0,1.0,1.0,270.0,28.0,1.0,1,0,1471.0,H,H
10,1,White,1.0,1.0,1.0,0.0,1.0,1.0,0.0,1.0,1.0,1.0,1.0,1.0,1.0,0.0,270.0,27.0,1.0,1,0,1471.0,H,H
10,1,White,1.0,1.0,1.0,1.0,0.0,1.0,1.0,1.0,1.0,1.0,1.0,1.0,1.0,0.0,270.0,25.0,1.0,1,0,1471.0,H,H
10,0,White,0.0,1.0,1.0,0.0,1.0,0.0,0.0,1.0,1.0,1.0,1.0,1.0,0.0,0.0,450.0,25.0,1.0,1,0,1471.0,L,H
11,1,White,1.0,1.0,1.0,0.0,1.0,1.0,0.0,0.0,1.0,1.0,1.0,1.0,1.0,0.0,180.0,23.0,1.0,0,1,1212.0,H,H
11,1,White,0.0,1.0,1.0,0.0,1.0,1.0,1.0,1.0,1.0,1.0,1.0,1.0,1.0,1.0,160.0,20.0,1.0,0,1,1212.0,H,H
11,1,White,1.0,1.0,1.0,0.0,0.0,1.0,1.0,1.0,1.0,1.0,1.0,1.0,1.0,1.0,450.0,25.0,1.0,1,0,1387.0,L,H
11,1,More than one race,1.0,0.0,1.0,1.0,1.0,1.0,0.0,0.0,1.0,1.0,1.0,1.0,1.0,0.0,90.0,20.0,1.0,1,0,1387.0,H,H
9,0,White,0.0,1.0,0.0,1.0,0.0,1.0,0.0,1.0,1.0,1.0,1.0,1.0,1.0,0.0,400.0,26.0,1.0,1,0,1387.0,L,H
10,0,White,1.0,1.0,1.0,0.0,0.0,1.0,0.0,1.0,1.0,1.0,1.0,1.0,1.0,1.0,450.0,27.0,1.0,1,0,1387.0,H,H
10,0,White,1.0,1.0,1.0,0.0,1.0,1.0,0.0,1.0,1.0,1.0,1.0,1.0,1.0,0.0,450.0,30.0,1.0,1,0,1387.0,H,H
10,1,White,1.0,0.0,1.0,0.0,1.0,1.0,0.0,1.0,1.0,1.0,1.0,1.0,1.0,1.0,250.0,30.0,1.0,1,0,1692.0,H,H
10,1,Hispanic,1.0,1.0,1.0,1.0,0.0,1.0,1.0,0.0,1.0,1.0,1.0,1.0,1.0,0.0,270.0,24.0,1.0,0,1,570.0,L,H
10,0,Hispanic,1.0,1.0,1.0,0.0,0.0,1.0,0.0,1.0,1.0,0.0,0.0,0.0,1.0,0.0,360.0,16.0,1.0,0,1,570.0,L,H
11,0,Hispanic,1.0,1.0,1.0,0.0,1.0,1.0,0.0,1.0,1.0,0.0,0.0,0.0,1.0,0.0,270.0,15.0,1.0,0,1,570.0,L,H
10,0,Black,1.0,1.0,1.0,1.0,1.0,1.0,1.0,1.0,1.0,1.0,1.0,1.0,1.0,0.0,100.0,20.0,1.0,1,1,539.0,L,H
10,1,Hispanic,1.0,1.0,1.0,0.0,1.0,0.0,0.0,1.0,1.0,1.0,1.0,1.0,1.0,0.0,250.0,20.0,1.0,1,1,539.0,L,H
10,1,White,0.0,1.0,1.0,0.0,1.0,1.0,0.0,1.0,1.0,1.0,1.0,1.0,0.0,0.0,450.0,20.0,1.0,1,0,389.0,H,H
10,0,White,0.0,1.0,1.0,0.0,1.0,0.0,0.0,0.0,1.0,1.0,1.0,1.0,1.0,0.0,200.0,20.0,1.0,1,0,846.0,H,H
11,1,Hispanic,0.0,0.0,0.0,0.0,1.0,0.0,0.0,1.0,1.0,0.0,0.0,0.0,1.0,0.0,275.0,30.0,1.0,1,1,1763.0,H,H
11,0,White,1.0,1.0,1.0,1.0,1.0,1.0,0.0,1.0,1.0,1.0,1.0,1.0,1.0,1.0,200.0,27.0,1.0,0,1,398.0,L,H
11,1,Hispanic,1.0,1.0,1.0,0.0,1.0,1.0,1.0,1.0,1.0,0.0,0.0,0.0,0.0,0.0,200.0,25.0,1.0,0,1,398.0,L,H
10,1,Hispanic,1.0,1.0,1.0,1.0,1.0,1.0,0.0,0.0,1.0,0.0,0.0,0.0,1.0,0.0,280.0,36.0,1.0,0,1,398.0,L,H
10,0,White,0.0,1.0,1.0,0.0,0.0,1.0,0.0,1.0,1.0,1.0,1.0,1.0,1.0,0.0,200.0,25.0,1.0,0,1,398.0,L,H
10,1,White,1.0,1.0,1.0,0.0,1.0,1.0,0.0,1.0,1.0,1.0,1.0,1.0,1.0,0.0,225.0,15.0,1.0,1,0,366.0,L,H
10,1,White,1.0,1.0,1.0,1.0,0.0,1.0,1.0,1.0,1.0,1.0,1.0,1.0,1.0,0.0,250.0,20.0,1.0,1,0,366.0,H,H
10,0,White,1.0,0.0,0.0,0.0,0.0,1.0,0.0,1.0,1.0,1.0,1.0,1.0,0.0,1.0,225.0,25.0,1.0,1,0,366.0,H,L
11,0,White,0.0,1.0,1.0,0.0,1.0,1.0,0.0,1.0,1.0,1.0,1.0,1.0,1.0,0.0,225.0,25.0,1.0,1,0,366.0,H,H
10,1,Hispanic,0.0,1.0,0.0,0.0,1.0,1.0,0.0,0.0,1.0,0.0,1.0,1.0,1.0,1.0,261.0,40.0,1.0,1,1,2966.0,H,H
10,0,White,1.0,1.0,1.0,0.0,0.0,1.0,0.0,1.0,1.0,1.0,1.0,1.0,1.0,1.0,225.0,35.0,1.0,1,0,1828.0,H,H
10,1,White,0.0,1.0,1.0,0.0,1.0,1.0,0.0,0.0,1.0,1.0,1.0,1.0,1.0,0.0,235.0,25.0,1.0,1,0,1828.0,H,H
10,1,White,1.0,1.0,1.0,0.0,1.0,1.0,0.0,1.0,1.0,1.0,1.0,1.0,1.0,0.0,225.0,30.0,1.0,1,0,1828.0,H,H
11,1,Black,1.0,1.0,1.0,1.0,1.0,0.0,0.0,1.0,1.0,1.0,1.0,1.0,1.0,0.0,250.0,26.0,1.0,1,1,1392.0,L,H
10,0,Asian,0.0,1.0,1.0,0.0,0.0,1.0,0.0,1.0,1.0,0.0,0.0,0.0,1.0,0.0,250.0,30.0,1.0,1,1,3164.0,L,H
11,1,Hispanic,1.0,1.0,0.0,0.0,0.0,1.0,0.0,0.0,1.0,1.0,1.0,1.0,0.0,1.0,330.0,30.0,1.0,1,1,3164.0,H,H
10,1,White,1.0,1.0,1.0,1.0,1.0,1.0,1.0,1.0,1.0,1.0,1.0,1.0,1.0,0.0,220.0,21.0,1.0,1,0,2098.0,H,H
10,1,White,1.0,1.0,1.0,1.0,1.0,1.0,1.0,1.0,1.0,1.0,1.0,1.0,1.0,0.0,220.0,16.0,1.0,1,0,2098.0,L,H
10,0,White,1.0,1.0,1.0,0.0,1.0,1.0,0.0,1.0,1.0,1.0,1.0,1.0,1.0,0.0,300.0,30.0,1.0,1,1,2255.0,L,H
10,0,White,1.0,1.0,1.0,0.0,1.0,1.0,0.0,1.0,1.0,1.0,1.0,1.0,1.0,1.0,300.0,25.0,1.0,1,1,2255.0,H,H
10,1,White,1.0,1.0,1.0,0.0,1.0,1.0,0.0,1.0,1.0,1.0,1.0,1.0,1.0,1.0,300.0,30.0,1.0,1,1,2255.0,H,H
10,1,Hispanic,1.0,1.0,1.0,0.0,1.0,1.0,0.0,1.0,1.0,1.0,1.0,1.0,1.0,0.0,300.0,40.0,1.0,1,1,2255.0,L,H
10,0,White,1.0,1.0,1.0,1.0,1.0,1.0,1.0,1.0,1.0,1.0,1.0,1.0,1.0,0.0,275.0,20.0,1.0,1,1,2162.0,H,H
10,1,White,1.0,0.0,1.0,0.0,1.0,1.0,0.0,1.0,1.0,1.0,1.0,1.0,1.0,0.0,225.0,20.0,1.0,1,1,2162.0,L,H
10,1,White,1.0,1.0,1.0,0.0,1.0,1.0,1.0,1.0,1.0,1.0,1.0,1.0,1.0,0.0,300.0,15.0,1.0,1,1,2162.0,H,H
10,1,White,1.0,1.0,1.0,0.0,1.0,1.0,0.0,1.0,1.0,1.0,1.0,1.0,1.0,0.0,270.0,21.0,1.0,1,0,1489.0,H,H
10,1,White,0.0,1.0,0.0,0.0,1.0,0.0,0.0,1.0,0.0,0.0,0.0,0.0,1.0,0.0,300.0,24.0,1.0,1,0,2000.0,L,L
11,0,White,1.0,1.0,1.0,1.0,1.0,1.0,1.0,1.0,1.0,1.0,1.0,1.0,1.0,0.0,275.0,30.0,1.0,1,0,2000.0,H,H
11,1,White,1.0,1.0,1.0,0.0,0.0,1.0,1.0,1.0,1.0,0.0,1.0,1.0,1.0,1.0,275.0,20.0,1.0,1,0,2000.0,H,H
10,1,White,1.0,1.0,1.0,0.0,0.0,0.0,0.0,0.0,1.0,1.0,1.0,1.0,1.0,0.0,90.0,20.0,1.0,1,0,2569.0,H,H
10,0,White,1.0,1.0,1.0,0.0,1.0,1.0,0.0,1.0,1.0,1.0,1.0,1.0,1.0,1.0,180.0,20.0,1.0,1,0,887.0,H,H
10,0,White,1.0,1.0,1.0,1.0,1.0,1.0,1.0,1.0,1.0,1.0,1.0,1.0,1.0,1.0,280.0,20.0,1.0,1,0,887.0,H,H
10,1,White,0.0,1.0,1.0,0.0,1.0,1.0,0.0,1.0,1.0,1.0,1.0,1.0,1.0,0.0,172.0,27.0,1.0,1,0,887.0,H,H
10,0,White,0.0,1.0,1.0,0.0,1.0,1.0,0.0,1.0,1.0,1.0,1.0,1.0,1.0,1.0,240.0,24.0,1.0,1,0,887.0,L,H
10,1,White,1.0,1.0,1.0,1.0,1.0,1.0,1.0,1.0,0.0,1.0,1.0,1.0,1.0,1.0,172.0,25.0,1.0,1,0,887.0,H,H
10,1,White,1.0,1.0,1.0,1.0,1.0,1.0,1.0,1.0,1.0,1.0,0.0,1.0,1.0,1.0,275.0,25.0,1.0,0,1,308.0,H,H
10,0,White,1.0,1.0,1.0,1.0,1.0,1.0,1.0,1.0,1.0,1.0,0.0,1.0,1.0,0.0,225.0,30.0,1.0,0,1,308.0,H,H
10,0,White,1.0,1.0,1.0,1.0,1.0,1.0,1.0,1.0,1.0,1.0,1.0,1.0,1.0,1.0,500.0,26.0,0.0,0,1,308.0,L,H
11,0,Black,1.0,0.0,1.0,1.0,1.0,1.0,0.0,1.0,1.0,1.0,1.0,1.0,1.0,0.0,270.0,37.0,1.0,1,1,1411.0,L,H
11,0,Hispanic,0.0,1.0,1.0,0.0,1.0,1.0,1.0,1.0,0.0,0.0,0.0,0.0,1.0,0.0,225.0,26.0,1.0,1,0,2878.0,L,H
10,0,White,1.0,1.0,1.0,1.0,1.0,1.0,1.0,1.0,1.0,1.0,1.0,1.0,1.0,1.0,240.0,28.0,1.0,1,0,1087.0,H,H
10,1,White,1.0,1.0,1.0,1.0,0.0,1.0,0.0,1.0,1.0,1.0,1.0,1.0,1.0,0.0,240.0,25.0,1.0,1,0,1087.0,H,H
10,1,White,0.0,0.0,1.0,0.0,0.0,1.0,0.0,1.0,1.0,1.0,1.0,1.0,1.0,0.0,225.0,25.0,1.0,1,0,1087.0,H,L
10,1,Hispanic,0.0,0.0,1.0,0.0,0.0,1.0,0.0,1.0,1.0,0.0,1.0,1.0,1.0,0.0,360.0,30.0,1.0,1,1,2942.0,L,L
10,0,White,1.0,1.0,1.0,1.0,0.0,1.0,1.0,1.0,1.0,1.0,1.0,1.0,1.0,0.0,240.0,25.0,1.0,0,1,575.0,H,H
11,0,Hispanic,0.0,0.0,0.0,1.0,0.0,0.0,0.0,1.0,0.0,0.0,0.0,1.0,1.0,0.0,540.0,35.0,1.0,1,1,3201.0,L,H
10,0,Black,1.0,1.0,1.0,0.0,1.0,1.0,0.0,1.0,1.0,1.0,1.0,1.0,1.0,1.0,270.0,20.0,1.0,1,1,914.0,H,H
9,0,Asian,1.0,1.0,1.0,1.0,0.0,1.0,1.0,1.0,0.0,0.0,0.0,0.0,1.0,0.0,270.0,27.0,1.0,1,1,1720.0,H,H
10,1,White,0.0,0.0,1.0,0.0,1.0,1.0,0.0,1.0,1.0,1.0,1.0,1.0,1.0,0.0,400.0,30.0,1.0,1,0,930.0,H,L
10,1,White,1.0,1.0,1.0,0.0,1.0,1.0,0.0,1.0,1.0,1.0,1.0,1.0,1.0,0.0,225.0,25.0,1.0,1,0,276.0,H,H
10,0,White,1.0,1.0,1.0,1.0,1.0,1.0,0.0,1.0,1.0,1.0,1.0,1.0,1.0,0.0,300.0,30.0,1.0,1,1,1988.0,H,H
11,1,White,1.0,1.0,1.0,0.0,1.0,1.0,1.0,1.0,1.0,1.0,1.0,1.0,1.0,0.0,300.0,30.0,1.0,1,1,1988.0,L,H
10,0,White,1.0,1.0,1.0,1.0,0.0,1.0,1.0,1.0,1.0,1.0,0.0,1.0,1.0,0.0,275.0,23.0,1.0,1,0,1526.0,H,H
9,1,White,1.0,1.0,1.0,1.0,1.0,1.0,1.0,1.0,1.0,1.0,1.0,1.0,1.0,0.0,275.0,23.0,1.0,1,0,1526.0,L,H
10,1,White,0.0,1.0,1.0,1.0,1.0,1.0,0.0,1.0,1.0,1.0,1.0,1.0,1.0,1.0,210.0,25.0,1.0,1,0,632.0,H,H
10,1,White,1.0,1.0,1.0,1.0,1.0,1.0,1.0,1.0,1.0,1.0,1.0,1.0,1.0,1.0,225.0,25.0,1.0,0,0,1064.0,H,H
11,1,White,1.0,1.0,1.0,1.0,1.0,1.0,0.0,1.0,1.0,1.0,1.0,1.0,1.0,0.0,225.0,27.0,1.0,0,0,1064.0,H,H
10,1,Hispanic,1.0,1.0,0.0,1.0,1.0,1.0,0.0,1.0,1.0,0.0,0.0,0.0,1.0,1.0,225.0,24.0,1.0,0,0,1064.0,H,H
10,1,White,1.0,1.0,1.0,1.0,1.0,1.0,1.0,1.0,1.0,1.0,1.0,1.0,1.0,0.0,225.0,30.0,1.0,0,0,1064.0,H,H
10,0,White,1.0,1.0,0.0,0.0,0.0,1.0,0.0,0.0,1.0,1.0,1.0,1.0,1.0,0.0,450.0,17.0,1.0,1,0,865.0,H,H
9,1,More than one race,0.0,1.0,1.0,0.0,0.0,1.0,0.0,1.0,1.0,1.0,1.0,1.0,1.0,0.0,275.0,20.0,1.0,1,0,1382.0,L,H
9,1,Black,0.0,1.0,1.0,0.0,1.0,1.0,0.0,1.0,1.0,1.0,1.0,1.0,1.0,0.0,250.0,8.0,1.0,1,0,762.0,L,H
11,0,White,0.0,1.0,1.0,0.0,1.0,1.0,1.0,1.0,1.0,1.0,1.0,1.0,1.0,0.0,250.0,15.0,1.0,1,0,854.0,H,H
10,1,White,0.0,1.0,1.0,0.0,0.0,1.0,0.0,1.0,1.0,1.0,1.0,1.0,1.0,0.0,275.0,25.0,1.0,1,0,854.0,L,H
10,0,White,1.0,0.0,1.0,0.0,1.0,1.0,0.0,1.0,1.0,1.0,1.0,1.0,1.0,0.0,250.0,25.0,1.0,1,0,636.0,L,H
10,1,Hispanic,1.0,1.0,1.0,0.0,1.0,1.0,1.0,0.0,1.0,0.0,1.0,1.0,1.0,0.0,240.0,21.0,1.0,1,0,636.0,H,H
10,0,White,0.0,1.0,0.0,0.0,0.0,0.0,0.0,1.0,1.0,1.0,1.0,1.0,1.0,1.0,275.0,20.0,1.0,1,0,1733.0,H,L
10,0,White,1.0,1.0,1.0,1.0,1.0,1.0,0.0,1.0,1.0,1.0,1.0,1.0,1.0,0.0,525.0,15.0,0.0,1,0,1173.0,H,H
10,1,White,1.0,1.0,1.0,1.0,0.0,1.0,1.0,1.0,1.0,1.0,1.0,1.0,1.0,0.0,120.0,22.0,1.0,1,0,509.0,H,H
11,1,White,1.0,1.0,1.0,0.0,1.0,1.0,0.0,1.0,1.0,1.0,1.0,1.0,1.0,0.0,240.0,14.0,1.0,1,0,509.0,H,H
10,1,Hispanic,1.0,0.0,1.0,0.0,1.0,1.0,1.0,1.0,1.0,0.0,1.0,1.0,1.0,0.0,200.0,19.0,1.0,1,0,509.0,L,H
11,0,White,1.0,1.0,1.0,1.0,1.0,1.0,1.0,1.0,1.0,1.0,1.0,1.0,1.0,1.0,192.0,11.0,1.0,1,0,509.0,H,H
9,1,Hispanic,1.0,0.0,1.0,0.0,0.0,0.0,0.0,0.0,1.0,1.0,0.0,0.0,0.0,0.0,45.0,12.0,1.0,1,0,3004.0,L,L
10,0,White,1.0,1.0,1.0,0.0,0.0,1.0,0.0,1.0,1.0,1.0,1.0,1.0,1.0,0.0,250.0,28.0,1.0,1,0,3004.0,H,H
10,0,Hispanic,0.0,0.0,0.0,0.0,0.0,0.0,0.0,1.0,0.0,0.0,0.0,0.0,1.0,1.0,300.0,19.0,1.0,1,0,227.0,L,L
10,1,White,0.0,1.0,1.0,1.0,1.0,1.0,1.0,1.0,1.0,1.0,1.0,1.0,1.0,0.0,270.0,18.0,1.0,1,0,227.0,H,H
11,1,White,1.0,1.0,1.0,1.0,1.0,1.0,1.0,1.0,1.0,1.0,1.0,1.0,1.0,1.0,270.0,21.0,0.0,1,0,227.0,H,H
10,0,Hispanic,1.0,1.0,0.0,0.0,1.0,1.0,1.0,1.0,0.0,0.0,1.0,0.0,1.0,0.0,285.0,26.0,1.0,1,1,2532.0,L,L
10,0,Native Hawaiian/Other Pacific Islander,1.0,1.0,1.0,0.0,1.0,1.0,0.0,1.0,1.0,0.0,1.0,1.0,1.0,0.0,45.0,15.0,1.0,1,0,774.0,H,L
11,1,White,0.0,0.0,1.0,0.0,1.0,1.0,0.0,1.0,1.0,1.0,1.0,1.0,1.0,0.0,225.0,15.0,1.0,1,0,1610.0,L,L
10,0,Hispanic,0.0,0.0,0.0,0.0,0.0,0.0,0.0,0.0,0.0,0.0,0.0,0.0,1.0,0.0,225.0,44.0,1.0,1,1,2646.0,L,L
10,1,Hispanic,0.0,0.0,0.0,0.0,0.0,0.0,0.0,1.0,0.0,0.0,0.0,0.0,1.0,1.0,134.0,17.0,1.0,1,1,2646.0,L,L
10,1,Black,0.0,1.0,1.0,1.0,0.0,1.0,0.0,1.0,1.0,1.0,1.0,1.0,0.0,0.0,0.0,24.0,1.0,1,0,820.0,L,H
11,1,Black,0.0,1.0,1.0,0.0,1.0,1.0,0.0,1.0,1.0,1.0,1.0,1.0,1.0,0.0,400.0,25.0,1.0,1,0,820.0,L,H
10,0,White,1.0,1.0,1.0,1.0,1.0,1.0,1.0,1.0,1.0,1.0,1.0,1.0,1.0,0.0,250.0,29.0,1.0,1,1,2080.0,L,H
11,1,Hispanic,1.0,1.0,1.0,0.0,1.0,0.0,0.0,1.0,1.0,0.0,0.0,0.0,1.0,0.0,350.0,20.0,1.0,1,0,2183.0,H,H
10,0,White,0.0,1.0,1.0,0.0,1.0,0.0,0.0,1.0,1.0,1.0,1.0,1.0,1.0,0.0,450.0,28.0,1.0,1,0,432.0,H,H
10,1,White,1.0,1.0,1.0,1.0,1.0,1.0,1.0,1.0,1.0,1.0,1.0,1.0,1.0,1.0,450.0,27.0,1.0,1,0,432.0,H,H
10,0,White,1.0,1.0,1.0,0.0,1.0,1.0,0.0,1.0,1.0,1.0,1.0,1.0,1.0,0.0,300.0,26.0,1.0,1,0,362.0,L,H
10,1,White,1.0,0.0,1.0,0.0,1.0,0.0,0.0,1.0,1.0,1.0,1.0,1.0,1.0,0.0,315.0,32.0,1.0,1,0,1327.0,L,H
10,1,Hispanic,1.0,1.0,1.0,1.0,0.0,1.0,0.0,1.0,1.0,1.0,0.0,1.0,0.0,0.0,300.0,38.0,1.0,1,1,3138.0,L,H
10,0,White,0.0,1.0,1.0,1.0,0.0,1.0,1.0,1.0,1.0,1.0,1.0,1.0,1.0,0.0,300.0,35.0,1.0,1,1,3138.0,H,H
10,1,White,1.0,0.0,1.0,0.0,1.0,1.0,1.0,1.0,1.0,1.0,1.0,1.0,1.0,0.0,225.0,18.0,0.0,0,1,366.0,H,H
10,0,White,1.0,1.0,1.0,0.0,1.0,1.0,0.0,1.0,1.0,1.0,1.0,1.0,1.0,0.0,250.0,10.0,1.0,1,0,850.0,H,H
10,1,White,1.0,1.0,1.0,0.0,1.0,1.0,0.0,1.0,1.0,1.0,1.0,1.0,0.0,0.0,225.0,20.0,1.0,1,0,850.0,L,H
10,1,White,1.0,0.0,1.0,0.0,1.0,1.0,0.0,1.0,1.0,1.0,1.0,1.0,1.0,0.0,50.0,20.0,1.0,1,0,850.0,L,H
11,1,White,0.0,1.0,1.0,0.0,1.0,1.0,0.0,1.0,1.0,1.0,1.0,1.0,1.0,0.0,275.0,20.0,1.0,1,0,507.0,H,H
10,0,White,0.0,1.0,1.0,1.0,1.0,1.0,0.0,1.0,1.0,1.0,1.0,1.0,1.0,1.0,250.0,25.0,1.0,1,0,507.0,H,H
11,0,Black,1.0,1.0,1.0,1.0,1.0,1.0,1.0,1.0,1.0,0.0,0.0,1.0,1.0,0.0,275.0,30.0,1.0,1,0,2041.0,H,H
10,1,White,1.0,0.0,1.0,0.0,1.0,0.0,0.0,1.0,1.0,1.0,1.0,1.0,1.0,0.0,300.0,27.0,1.0,1,0,2041.0,L,H
11,0,Hispanic,1.0,1.0,1.0,0.0,1.0,1.0,0.0,1.0,1.0,1.0,1.0,1.0,1.0,1.0,420.0,30.0,1.0,1,0,505.0,L,H
10,1,Hispanic,1.0,0.0,0.0,0.0,1.0,1.0,0.0,1.0,0.0,0.0,1.0,1.0,1.0,1.0,225.0,10.0,1.0,1,1,1998.0,L,L
10,0,Hispanic,0.0,0.0,1.0,0.0,1.0,1.0,0.0,1.0,1.0,0.0,0.0,0.0,1.0,0.0,60.0,22.0,1.0,1,1,1998.0,L,L
10,0,Hispanic,1.0,1.0,1.0,0.0,1.0,1.0,0.0,1.0,1.0,1.0,1.0,1.0,1.0,1.0,250.0,25.0,1.0,1,1,1998.0,L,H
10,0,Hispanic,1.0,1.0,1.0,0.0,1.0,1.0,0.0,0.0,1.0,1.0,1.0,1.0,1.0,0.0,300.0,23.0,1.0,1,1,1998.0,L,H
10,1,Hispanic,1.0,1.0,1.0,1.0,1.0,1.0,0.0,1.0,1.0,1.0,1.0,1.0,1.0,0.0,45.0,20.0,1.0,1,1,1998.0,H,H
10,1,White,1.0,1.0,1.0,1.0,1.0,1.0,0.0,1.0,1.0,1.0,1.0,1.0,1.0,0.0,250.0,40.0,1.0,1,0,2748.0,L,H
10,1,White,1.0,1.0,1.0,0.0,1.0,1.0,0.0,1.0,1.0,1.0,1.0,1.0,1.0,0.0,225.0,30.0,1.0,1,0,2748.0,H,H
11,0,Asian,1.0,1.0,0.0,0.0,1.0,1.0,0.0,1.0,0.0,0.0,0.0,0.0,1.0,1.0,900.0,20.0,1.0,1,1,2999.0,H,H
